INFO 2026-10-01 22:11:14,351 autoreload Watching for file changes with StatReloader
INFO 2026-10-01 22:13:56,111 autoreload C:\Users\Aty\Desktop\tienda_bicicletas\manage.py changed, reloading.
INFO 2026-10-01 22:14:03,978 autoreload Watching for file changes with StatReloader
INFO 2026-10-01 22:14:37,419 autoreload C:\Users\Aty\Desktop\tienda_bicicletas\config\settings.py changed, reloading.
INFO 2026-10-01 22:14:52,618 autoreload Watching for file changes with StatReloader
INFO 2026-10-01 22:15:57,057 autoreload C:\Users\Aty\Desktop\tienda_bicicletas\bicicletas\models.py changed, reloading.
INFO 2026-10-01 22:16:06,465 autoreload Watching for file changes with StatReloader
INFO 2026-10-01 22:16:22,944 autoreload C:\Users\Aty\Desktop\tienda_bicicletas\bicicletas\forms.py changed, reloading.
INFO 2026-10-01 22:16:34,950 autoreload Watching for file changes with StatReloader
INFO 2026-10-01 22:17:02,161 autoreload C:\Users\Aty\Desktop\tienda_bicicletas\bicicletas\views.py changed, reloading.
INFO 2026-10-01 22:17:15,108 autoreload Watching for file changes with StatReloader
INFO 2026-10-01 22:18:00,498 autoreload C:\Users\Aty\Desktop\tienda_bicicletas\bicicletas\urls.py changed, reloading.
INFO 2026-10-01 22:18:10,214 autoreload Watching for file changes with StatReloader
INFO 2026-10-01 22:18:35,127 autoreload C:\Users\Aty\Desktop\tienda_bicicletas\bicicletas\admin.py changed, reloading.
INFO 2026-10-01 22:18:45,061 autoreload Watching for file changes with StatReloader
INFO 2026-10-01 22:21:23,672 autoreload C:\Users\Aty\Desktop\tienda_bicicletas\config\settings.py changed, reloading.
INFO 2026-10-01 22:21:34,938 autoreload Watching for file changes with StatReloader
INFO 2026-10-01 22:31:09,246 autoreload Watching for file changes with StatReloader
WARNING 2026-10-01 22:31:14,253 base Session data corrupted
INFO 2026-10-01 22:31:14,291 basehttp - Broken pipe from ('127.0.0.1', 60519)
WARNING 2026-10-01 22:31:16,191 base Session data corrupted
INFO 2026-10-01 22:31:16,196 basehttp "GET /bicicletas/ HTTP/1.1" 200 3191
WARNING 2026-10-01 22:31:21,021 base Session data corrupted
INFO 2026-10-01 22:31:21,026 basehttp "GET /login/ HTTP/1.1" 200 3756
WARNING 2026-10-01 22:31:23,873 base Session data corrupted
INFO 2026-10-01 22:31:23,917 basehttp "POST /login/ HTTP/1.1" 302 0
INFO 2026-10-01 22:31:23,932 basehttp "GET /bicicletas/ HTTP/1.1" 302 0
INFO 2026-10-01 22:31:23,941 basehttp "GET /bicicletas/ HTTP/1.1" 302 0
INFO 2026-10-01 22:31:23,950 basehttp "GET /bicicletas/ HTTP/1.1" 302 0
INFO 2026-10-01 22:31:23,960 basehttp "GET /bicicletas/ HTTP/1.1" 302 0
INFO 2026-10-01 22:31:23,969 basehttp "GET /bicicletas/ HTTP/1.1" 302 0
INFO 2026-10-01 22:31:23,980 basehttp "GET /bicicletas/ HTTP/1.1" 302 0
INFO 2026-10-01 22:31:23,989 basehttp "GET /bicicletas/ HTTP/1.1" 302 0
INFO 2026-10-01 22:31:23,999 basehttp "GET /bicicletas/ HTTP/1.1" 302 0
INFO 2026-10-01 22:31:24,008 basehttp "GET /bicicletas/ HTTP/1.1" 302 0
INFO 2026-10-01 22:31:24,017 basehttp "GET /bicicletas/ HTTP/1.1" 302 0
INFO 2026-10-01 22:31:24,027 basehttp "GET /bicicletas/ HTTP/1.1" 302 0
INFO 2026-10-01 22:31:24,036 basehttp "GET /bicicletas/ HTTP/1.1" 302 0
INFO 2026-10-01 22:31:24,046 basehttp "GET /bicicletas/ HTTP/1.1" 302 0
INFO 2026-10-01 22:31:24,054 basehttp "GET /bicicletas/ HTTP/1.1" 302 0
INFO 2026-10-01 22:31:24,066 basehttp "GET /bicicletas/ HTTP/1.1" 302 0
INFO 2026-10-01 22:31:24,076 basehttp "GET /bicicletas/ HTTP/1.1" 302 0
INFO 2026-10-01 22:31:24,084 basehttp "GET /bicicletas/ HTTP/1.1" 302 0
INFO 2026-10-01 22:31:24,094 basehttp "GET /bicicletas/ HTTP/1.1" 302 0
INFO 2026-10-01 22:31:24,102 basehttp "GET /bicicletas/ HTTP/1.1" 302 0
INFO 2026-10-01 22:31:25,161 basehttp "GET /bicicletas/ HTTP/1.1" 302 0
INFO 2026-10-01 22:31:25,176 basehttp "GET /bicicletas/ HTTP/1.1" 302 0
INFO 2026-10-01 22:31:25,185 basehttp "GET /bicicletas/ HTTP/1.1" 302 0
INFO 2026-10-01 22:31:25,199 basehttp "GET /bicicletas/ HTTP/1.1" 302 0
INFO 2026-10-01 22:31:25,215 basehttp "GET /bicicletas/ HTTP/1.1" 302 0
INFO 2026-10-01 22:31:25,231 basehttp "GET /bicicletas/ HTTP/1.1" 302 0
INFO 2026-10-01 22:31:25,245 basehttp "GET /bicicletas/ HTTP/1.1" 302 0
INFO 2026-10-01 22:31:25,260 basehttp "GET /bicicletas/ HTTP/1.1" 302 0
INFO 2026-10-01 22:31:25,273 basehttp "GET /bicicletas/ HTTP/1.1" 302 0
INFO 2026-10-01 22:31:25,285 basehttp "GET /bicicletas/ HTTP/1.1" 302 0
INFO 2026-10-01 22:31:25,296 basehttp "GET /bicicletas/ HTTP/1.1" 302 0
INFO 2026-10-01 22:31:25,305 basehttp "GET /bicicletas/ HTTP/1.1" 302 0
INFO 2026-10-01 22:31:25,318 basehttp "GET /bicicletas/ HTTP/1.1" 302 0
INFO 2026-10-01 22:31:25,330 basehttp "GET /bicicletas/ HTTP/1.1" 302 0
INFO 2026-10-01 22:31:25,343 basehttp "GET /bicicletas/ HTTP/1.1" 302 0
INFO 2026-10-01 22:31:25,353 basehttp "GET /bicicletas/ HTTP/1.1" 302 0
INFO 2026-10-01 22:31:25,365 basehttp "GET /bicicletas/ HTTP/1.1" 302 0
INFO 2026-10-01 22:31:25,379 basehttp "GET /bicicletas/ HTTP/1.1" 302 0
INFO 2026-10-01 22:31:25,389 basehttp "GET /bicicletas/ HTTP/1.1" 302 0
INFO 2026-10-01 22:31:25,402 basehttp "GET /bicicletas/ HTTP/1.1" 302 0
INFO 2026-10-01 22:31:30,444 basehttp "GET /bicicletas/ HTTP/1.1" 302 0
INFO 2026-10-01 22:31:30,467 basehttp "GET /bicicletas/ HTTP/1.1" 302 0
INFO 2026-10-01 22:31:30,483 basehttp "GET /bicicletas/ HTTP/1.1" 302 0
INFO 2026-10-01 22:31:30,497 basehttp "GET /bicicletas/ HTTP/1.1" 302 0
INFO 2026-10-01 22:31:30,512 basehttp "GET /bicicletas/ HTTP/1.1" 302 0
INFO 2026-10-01 22:31:30,523 basehttp "GET /bicicletas/ HTTP/1.1" 302 0
INFO 2026-10-01 22:31:30,540 basehttp "GET /bicicletas/ HTTP/1.1" 302 0
INFO 2026-10-01 22:31:30,552 basehttp "GET /bicicletas/ HTTP/1.1" 302 0
INFO 2026-10-01 22:31:30,564 basehttp "GET /bicicletas/ HTTP/1.1" 302 0
INFO 2026-10-01 22:31:30,573 basehttp "GET /bicicletas/ HTTP/1.1" 302 0
INFO 2026-10-01 22:31:30,585 basehttp "GET /bicicletas/ HTTP/1.1" 302 0
INFO 2026-10-01 22:31:30,596 basehttp "GET /bicicletas/ HTTP/1.1" 302 0
INFO 2026-10-01 22:31:30,607 basehttp "GET /bicicletas/ HTTP/1.1" 302 0
INFO 2026-10-01 22:31:30,621 basehttp "GET /bicicletas/ HTTP/1.1" 302 0
INFO 2026-10-01 22:31:30,633 basehttp "GET /bicicletas/ HTTP/1.1" 302 0
INFO 2026-10-01 22:31:30,647 basehttp "GET /bicicletas/ HTTP/1.1" 302 0
INFO 2026-10-01 22:31:30,659 basehttp "GET /bicicletas/ HTTP/1.1" 302 0
INFO 2026-10-01 22:31:30,668 basehttp "GET /bicicletas/ HTTP/1.1" 302 0
INFO 2026-10-01 22:31:30,681 basehttp "GET /bicicletas/ HTTP/1.1" 302 0
INFO 2026-10-01 22:31:30,690 basehttp "GET /bicicletas/ HTTP/1.1" 302 0
INFO 2026-10-01 22:31:36,119 basehttp "GET /bicicletas/ HTTP/1.1" 302 0
INFO 2026-10-01 22:31:36,137 basehttp "GET /bicicletas/ HTTP/1.1" 302 0
INFO 2026-10-01 22:31:36,152 basehttp "GET /bicicletas/ HTTP/1.1" 302 0
INFO 2026-10-01 22:31:36,169 basehttp "GET /bicicletas/ HTTP/1.1" 302 0
INFO 2026-10-01 22:31:36,181 basehttp "GET /bicicletas/ HTTP/1.1" 302 0
INFO 2026-10-01 22:31:36,194 basehttp "GET /bicicletas/ HTTP/1.1" 302 0
INFO 2026-10-01 22:31:36,205 basehttp "GET /bicicletas/ HTTP/1.1" 302 0
INFO 2026-10-01 22:31:36,218 basehttp "GET /bicicletas/ HTTP/1.1" 302 0
INFO 2026-10-01 22:31:36,230 basehttp "GET /bicicletas/ HTTP/1.1" 302 0
INFO 2026-10-01 22:31:36,240 basehttp "GET /bicicletas/ HTTP/1.1" 302 0
INFO 2026-10-01 22:31:36,250 basehttp "GET /bicicletas/ HTTP/1.1" 302 0
INFO 2026-10-01 22:31:36,263 basehttp "GET /bicicletas/ HTTP/1.1" 302 0
INFO 2026-10-01 22:31:36,273 basehttp "GET /bicicletas/ HTTP/1.1" 302 0
INFO 2026-10-01 22:31:36,286 basehttp "GET /bicicletas/ HTTP/1.1" 302 0
INFO 2026-10-01 22:31:36,298 basehttp "GET /bicicletas/ HTTP/1.1" 302 0
INFO 2026-10-01 22:31:36,311 basehttp "GET /bicicletas/ HTTP/1.1" 302 0
INFO 2026-10-01 22:31:36,322 basehttp "GET /bicicletas/ HTTP/1.1" 302 0
INFO 2026-10-01 22:31:36,335 basehttp "GET /bicicletas/ HTTP/1.1" 302 0
INFO 2026-10-01 22:31:36,349 basehttp "GET /bicicletas/ HTTP/1.1" 302 0
INFO 2026-10-01 22:31:36,360 basehttp "GET /bicicletas/ HTTP/1.1" 302 0
INFO 2026-10-01 22:32:21,639 basehttp "GET /bicicletas/ HTTP/1.1" 302 0
INFO 2026-10-01 22:32:25,193 basehttp "GET /bicicletas/ HTTP/1.1" 302 0
INFO 2026-10-01 22:32:25,204 basehttp "GET /bicicletas/ HTTP/1.1" 302 0
INFO 2026-10-01 22:32:25,218 basehttp "GET /bicicletas/ HTTP/1.1" 302 0
INFO 2026-10-01 22:32:25,232 basehttp "GET /bicicletas/ HTTP/1.1" 302 0
INFO 2026-10-01 22:32:25,248 basehttp "GET /bicicletas/ HTTP/1.1" 302 0
INFO 2026-10-01 22:32:25,258 basehttp "GET /bicicletas/ HTTP/1.1" 302 0
INFO 2026-10-01 22:32:25,270 basehttp "GET /bicicletas/ HTTP/1.1" 302 0
INFO 2026-10-01 22:32:25,284 basehttp "GET /bicicletas/ HTTP/1.1" 302 0
INFO 2026-10-01 22:32:25,301 basehttp "GET /bicicletas/ HTTP/1.1" 302 0
INFO 2026-10-01 22:32:25,315 basehttp "GET /bicicletas/ HTTP/1.1" 302 0
INFO 2026-10-01 22:32:25,325 basehttp "GET /bicicletas/ HTTP/1.1" 302 0
INFO 2026-10-01 22:32:25,337 basehttp "GET /bicicletas/ HTTP/1.1" 302 0
INFO 2026-10-01 22:32:25,352 basehttp "GET /bicicletas/ HTTP/1.1" 302 0
INFO 2026-10-01 22:32:25,365 basehttp "GET /bicicletas/ HTTP/1.1" 302 0
INFO 2026-10-01 22:32:25,375 basehttp "GET /bicicletas/ HTTP/1.1" 302 0
INFO 2026-10-01 22:32:25,386 basehttp "GET /bicicletas/ HTTP/1.1" 302 0
INFO 2026-10-01 22:32:25,397 basehttp "GET /bicicletas/ HTTP/1.1" 302 0
INFO 2026-10-01 22:32:25,407 basehttp "GET /bicicletas/ HTTP/1.1" 302 0
INFO 2026-10-01 22:32:25,420 basehttp "GET /bicicletas/ HTTP/1.1" 302 0
INFO 2026-10-01 23:23:38,854 autoreload Watching for file changes with StatReloader
INFO 2026-10-01 23:23:43,255 basehttp "GET /bicicletas/ HTTP/1.1" 302 0
INFO 2026-10-01 23:23:43,269 basehttp "GET /bicicletas/ HTTP/1.1" 302 0
INFO 2026-10-01 23:23:43,280 basehttp "GET /bicicletas/ HTTP/1.1" 302 0
INFO 2026-10-01 23:23:43,291 basehttp "GET /bicicletas/ HTTP/1.1" 302 0
INFO 2026-10-01 23:23:43,299 basehttp "GET /bicicletas/ HTTP/1.1" 302 0
INFO 2026-10-01 23:23:43,308 basehttp "GET /bicicletas/ HTTP/1.1" 302 0
INFO 2026-10-01 23:23:43,316 basehttp "GET /bicicletas/ HTTP/1.1" 302 0
INFO 2026-10-01 23:23:43,326 basehttp "GET /bicicletas/ HTTP/1.1" 302 0
INFO 2026-10-01 23:23:43,334 basehttp "GET /bicicletas/ HTTP/1.1" 302 0
INFO 2026-10-01 23:23:43,344 basehttp "GET /bicicletas/ HTTP/1.1" 302 0
INFO 2026-10-01 23:23:43,354 basehttp "GET /bicicletas/ HTTP/1.1" 302 0
INFO 2026-10-01 23:23:43,363 basehttp "GET /bicicletas/ HTTP/1.1" 302 0
INFO 2026-10-01 23:23:43,372 basehttp "GET /bicicletas/ HTTP/1.1" 302 0
INFO 2026-10-01 23:23:43,381 basehttp "GET /bicicletas/ HTTP/1.1" 302 0
INFO 2026-10-01 23:23:43,393 basehttp "GET /bicicletas/ HTTP/1.1" 302 0
INFO 2026-10-01 23:23:43,402 basehttp "GET /bicicletas/ HTTP/1.1" 302 0
INFO 2026-10-01 23:23:43,415 basehttp "GET /bicicletas/ HTTP/1.1" 302 0
INFO 2026-10-01 23:23:43,429 basehttp "GET /bicicletas/ HTTP/1.1" 302 0
INFO 2026-10-01 23:23:43,443 basehttp "GET /bicicletas/ HTTP/1.1" 302 0
INFO 2026-10-01 23:23:43,456 basehttp "GET /bicicletas/ HTTP/1.1" 302 0
INFO 2026-10-01 23:23:46,845 basehttp "GET /bicicletas/ HTTP/1.1" 302 0
INFO 2026-10-01 23:23:46,861 basehttp "GET /bicicletas/ HTTP/1.1" 302 0
INFO 2026-10-01 23:23:46,878 basehttp "GET /bicicletas/ HTTP/1.1" 302 0
INFO 2026-10-01 23:23:46,888 basehttp "GET /bicicletas/ HTTP/1.1" 302 0
INFO 2026-10-01 23:23:46,902 basehttp "GET /bicicletas/ HTTP/1.1" 302 0
INFO 2026-10-01 23:23:46,915 basehttp "GET /bicicletas/ HTTP/1.1" 302 0
INFO 2026-10-01 23:23:46,927 basehttp "GET /bicicletas/ HTTP/1.1" 302 0
INFO 2026-10-01 23:23:46,939 basehttp "GET /bicicletas/ HTTP/1.1" 302 0
INFO 2026-10-01 23:23:46,948 basehttp "GET /bicicletas/ HTTP/1.1" 302 0
INFO 2026-10-01 23:23:46,959 basehttp "GET /bicicletas/ HTTP/1.1" 302 0
INFO 2026-10-01 23:23:46,971 basehttp "GET /bicicletas/ HTTP/1.1" 302 0
INFO 2026-10-01 23:23:46,981 basehttp "GET /bicicletas/ HTTP/1.1" 302 0
INFO 2026-10-01 23:23:46,991 basehttp "GET /bicicletas/ HTTP/1.1" 302 0
INFO 2026-10-01 23:23:47,003 basehttp "GET /bicicletas/ HTTP/1.1" 302 0
INFO 2026-10-01 23:23:47,012 basehttp "GET /bicicletas/ HTTP/1.1" 302 0
INFO 2026-10-01 23:23:47,023 basehttp "GET /bicicletas/ HTTP/1.1" 302 0
INFO 2026-10-01 23:23:47,035 basehttp "GET /bicicletas/ HTTP/1.1" 302 0
INFO 2026-10-01 23:23:47,046 basehttp "GET /bicicletas/ HTTP/1.1" 302 0
INFO 2026-10-01 23:23:47,057 basehttp "GET /bicicletas/ HTTP/1.1" 302 0
INFO 2026-10-01 23:23:47,069 basehttp "GET /bicicletas/ HTTP/1.1" 302 0
INFO 2026-10-01 23:23:48,829 basehttp "GET /bicicletas/ HTTP/1.1" 302 0
INFO 2026-10-01 23:23:48,846 basehttp "GET /bicicletas/ HTTP/1.1" 302 0
INFO 2026-10-01 23:23:48,857 basehttp "GET /bicicletas/ HTTP/1.1" 302 0
INFO 2026-10-01 23:23:48,869 basehttp "GET /bicicletas/ HTTP/1.1" 302 0
INFO 2026-10-01 23:23:48,882 basehttp "GET /bicicletas/ HTTP/1.1" 302 0
INFO 2026-10-01 23:23:48,900 basehttp "GET /bicicletas/ HTTP/1.1" 302 0
INFO 2026-10-01 23:23:48,916 basehttp "GET /bicicletas/ HTTP/1.1" 302 0
INFO 2026-10-01 23:23:48,927 basehttp "GET /bicicletas/ HTTP/1.1" 302 0
INFO 2026-10-01 23:23:48,937 basehttp "GET /bicicletas/ HTTP/1.1" 302 0
INFO 2026-10-01 23:23:48,948 basehttp "GET /bicicletas/ HTTP/1.1" 302 0
INFO 2026-10-01 23:23:48,962 basehttp "GET /bicicletas/ HTTP/1.1" 302 0
INFO 2026-10-01 23:23:48,974 basehttp "GET /bicicletas/ HTTP/1.1" 302 0
INFO 2026-10-01 23:23:48,984 basehttp "GET /bicicletas/ HTTP/1.1" 302 0
INFO 2026-10-01 23:23:48,997 basehttp "GET /bicicletas/ HTTP/1.1" 302 0
INFO 2026-10-01 23:23:49,009 basehttp "GET /bicicletas/ HTTP/1.1" 302 0
INFO 2026-10-01 23:23:49,019 basehttp "GET /bicicletas/ HTTP/1.1" 302 0
INFO 2026-10-01 23:23:49,029 basehttp "GET /bicicletas/ HTTP/1.1" 302 0
INFO 2026-10-01 23:23:49,042 basehttp "GET /bicicletas/ HTTP/1.1" 302 0
INFO 2026-10-01 23:23:49,053 basehttp "GET /bicicletas/ HTTP/1.1" 302 0
INFO 2026-10-01 23:23:49,069 basehttp "GET /bicicletas/ HTTP/1.1" 302 0
INFO 2026-10-01 23:23:50,533 basehttp "GET /bicicletas/ HTTP/1.1" 302 0
INFO 2026-10-01 23:23:50,549 basehttp "GET /bicicletas/ HTTP/1.1" 302 0
INFO 2026-10-01 23:23:50,562 basehttp "GET /bicicletas/ HTTP/1.1" 302 0
INFO 2026-10-01 23:23:50,574 basehttp "GET /bicicletas/ HTTP/1.1" 302 0
INFO 2026-10-01 23:23:50,589 basehttp "GET /bicicletas/ HTTP/1.1" 302 0
INFO 2026-10-01 23:23:50,602 basehttp "GET /bicicletas/ HTTP/1.1" 302 0
INFO 2026-10-01 23:23:50,615 basehttp "GET /bicicletas/ HTTP/1.1" 302 0
INFO 2026-10-01 23:23:50,626 basehttp "GET /bicicletas/ HTTP/1.1" 302 0
INFO 2026-10-01 23:23:50,634 basehttp "GET /bicicletas/ HTTP/1.1" 302 0
INFO 2026-10-01 23:23:50,644 basehttp "GET /bicicletas/ HTTP/1.1" 302 0
INFO 2026-10-01 23:23:50,653 basehttp "GET /bicicletas/ HTTP/1.1" 302 0
INFO 2026-10-01 23:23:50,664 basehttp "GET /bicicletas/ HTTP/1.1" 302 0
INFO 2026-10-01 23:23:50,675 basehttp "GET /bicicletas/ HTTP/1.1" 302 0
INFO 2026-10-01 23:23:50,683 basehttp "GET /bicicletas/ HTTP/1.1" 302 0
INFO 2026-10-01 23:23:50,693 basehttp "GET /bicicletas/ HTTP/1.1" 302 0
INFO 2026-10-01 23:23:50,701 basehttp "GET /bicicletas/ HTTP/1.1" 302 0
INFO 2026-10-01 23:23:50,711 basehttp "GET /bicicletas/ HTTP/1.1" 302 0
INFO 2026-10-01 23:23:50,719 basehttp "GET /bicicletas/ HTTP/1.1" 302 0
INFO 2026-10-01 23:23:50,729 basehttp "GET /bicicletas/ HTTP/1.1" 302 0
INFO 2026-10-01 23:23:50,739 basehttp "GET /bicicletas/ HTTP/1.1" 302 0
INFO 2026-10-01 23:23:55,630 basehttp "GET / HTTP/1.1" 302 0
INFO 2026-10-01 23:23:55,650 basehttp "GET /bicicletas/ HTTP/1.1" 302 0
INFO 2026-10-01 23:23:55,666 basehttp "GET /bicicletas/ HTTP/1.1" 302 0
INFO 2026-10-01 23:23:55,680 basehttp "GET /bicicletas/ HTTP/1.1" 302 0
INFO 2026-10-01 23:23:55,694 basehttp "GET /bicicletas/ HTTP/1.1" 302 0
INFO 2026-10-01 23:23:55,707 basehttp "GET /bicicletas/ HTTP/1.1" 302 0
INFO 2026-10-01 23:23:55,720 basehttp "GET /bicicletas/ HTTP/1.1" 302 0
INFO 2026-10-01 23:23:55,735 basehttp "GET /bicicletas/ HTTP/1.1" 302 0
INFO 2026-10-01 23:23:55,750 basehttp "GET /bicicletas/ HTTP/1.1" 302 0
INFO 2026-10-01 23:23:55,761 basehttp "GET /bicicletas/ HTTP/1.1" 302 0
INFO 2026-10-01 23:23:55,770 basehttp "GET /bicicletas/ HTTP/1.1" 302 0
INFO 2026-10-01 23:23:55,781 basehttp "GET /bicicletas/ HTTP/1.1" 302 0
INFO 2026-10-01 23:23:55,794 basehttp "GET /bicicletas/ HTTP/1.1" 302 0
INFO 2026-10-01 23:23:55,803 basehttp "GET /bicicletas/ HTTP/1.1" 302 0
INFO 2026-10-01 23:23:55,817 basehttp "GET /bicicletas/ HTTP/1.1" 302 0
INFO 2026-10-01 23:23:55,832 basehttp "GET /bicicletas/ HTTP/1.1" 302 0
INFO 2026-10-01 23:23:55,845 basehttp "GET /bicicletas/ HTTP/1.1" 302 0
INFO 2026-10-01 23:23:55,861 basehttp "GET /bicicletas/ HTTP/1.1" 302 0
INFO 2026-10-01 23:23:55,873 basehttp "GET /bicicletas/ HTTP/1.1" 302 0
INFO 2026-10-01 23:23:55,886 basehttp "GET /bicicletas/ HTTP/1.1" 302 0
INFO 2026-10-01 23:23:56,942 basehttp "GET /bicicletas/ HTTP/1.1" 302 0
INFO 2026-10-01 23:23:56,954 basehttp "GET /bicicletas/ HTTP/1.1" 302 0
INFO 2026-10-01 23:23:56,964 basehttp "GET /bicicletas/ HTTP/1.1" 302 0
INFO 2026-10-01 23:23:56,979 basehttp "GET /bicicletas/ HTTP/1.1" 302 0
INFO 2026-10-01 23:23:56,990 basehttp "GET /bicicletas/ HTTP/1.1" 302 0
INFO 2026-10-01 23:23:57,003 basehttp "GET /bicicletas/ HTTP/1.1" 302 0
INFO 2026-10-01 23:23:57,014 basehttp "GET /bicicletas/ HTTP/1.1" 302 0
INFO 2026-10-01 23:23:57,024 basehttp "GET /bicicletas/ HTTP/1.1" 302 0
INFO 2026-10-01 23:23:57,033 basehttp "GET /bicicletas/ HTTP/1.1" 302 0
INFO 2026-10-01 23:23:57,044 basehttp "GET /bicicletas/ HTTP/1.1" 302 0
INFO 2026-10-01 23:23:57,053 basehttp "GET /bicicletas/ HTTP/1.1" 302 0
INFO 2026-10-01 23:23:57,063 basehttp "GET /bicicletas/ HTTP/1.1" 302 0
INFO 2026-10-01 23:23:57,073 basehttp "GET /bicicletas/ HTTP/1.1" 302 0
INFO 2026-10-01 23:23:57,082 basehttp "GET /bicicletas/ HTTP/1.1" 302 0
INFO 2026-10-01 23:23:57,093 basehttp "GET /bicicletas/ HTTP/1.1" 302 0
INFO 2026-10-01 23:23:57,104 basehttp "GET /bicicletas/ HTTP/1.1" 302 0
INFO 2026-10-01 23:23:57,117 basehttp "GET /bicicletas/ HTTP/1.1" 302 0
INFO 2026-10-01 23:23:57,129 basehttp "GET /bicicletas/ HTTP/1.1" 302 0
INFO 2026-10-01 23:23:57,141 basehttp "GET /bicicletas/ HTTP/1.1" 302 0
INFO 2026-10-01 23:23:57,152 basehttp "GET /bicicletas/ HTTP/1.1" 302 0
INFO 2026-10-01 23:23:59,530 basehttp "GET /bicicletas/ HTTP/1.1" 302 0
INFO 2026-10-01 23:23:59,547 basehttp "GET /bicicletas/ HTTP/1.1" 302 0
INFO 2026-10-01 23:23:59,562 basehttp "GET /bicicletas/ HTTP/1.1" 302 0
INFO 2026-10-01 23:23:59,572 basehttp "GET /bicicletas/ HTTP/1.1" 302 0
INFO 2026-10-01 23:23:59,586 basehttp "GET /bicicletas/ HTTP/1.1" 302 0
INFO 2026-10-01 23:23:59,605 basehttp "GET /bicicletas/ HTTP/1.1" 302 0
INFO 2026-10-01 23:23:59,619 basehttp "GET /bicicletas/ HTTP/1.1" 302 0
INFO 2026-10-01 23:23:59,631 basehttp "GET /bicicletas/ HTTP/1.1" 302 0
INFO 2026-10-01 23:23:59,642 basehttp "GET /bicicletas/ HTTP/1.1" 302 0
INFO 2026-10-01 23:23:59,653 basehttp "GET /bicicletas/ HTTP/1.1" 302 0
INFO 2026-10-01 23:23:59,667 basehttp "GET /bicicletas/ HTTP/1.1" 302 0
INFO 2026-10-01 23:23:59,677 basehttp "GET /bicicletas/ HTTP/1.1" 302 0
INFO 2026-10-01 23:23:59,685 basehttp "GET /bicicletas/ HTTP/1.1" 302 0
INFO 2026-10-01 23:23:59,696 basehttp "GET /bicicletas/ HTTP/1.1" 302 0
INFO 2026-10-01 23:23:59,706 basehttp "GET /bicicletas/ HTTP/1.1" 302 0
INFO 2026-10-01 23:23:59,716 basehttp "GET /bicicletas/ HTTP/1.1" 302 0
INFO 2026-10-01 23:23:59,729 basehttp "GET /bicicletas/ HTTP/1.1" 302 0
INFO 2026-10-01 23:23:59,740 basehttp "GET /bicicletas/ HTTP/1.1" 302 0
INFO 2026-10-01 23:23:59,752 basehttp "GET /bicicletas/ HTTP/1.1" 302 0
INFO 2026-10-01 23:23:59,765 basehttp "GET /bicicletas/ HTTP/1.1" 302 0
INFO 2026-10-01 23:24:01,490 basehttp "GET /bicicletas/ HTTP/1.1" 302 0
INFO 2026-10-01 23:24:01,504 basehttp "GET /bicicletas/ HTTP/1.1" 302 0
INFO 2026-10-01 23:24:01,516 basehttp "GET /bicicletas/ HTTP/1.1" 302 0
INFO 2026-10-01 23:24:01,530 basehttp "GET /bicicletas/ HTTP/1.1" 302 0
INFO 2026-10-01 23:24:01,543 basehttp "GET /bicicletas/ HTTP/1.1" 302 0
INFO 2026-10-01 23:24:01,553 basehttp "GET /bicicletas/ HTTP/1.1" 302 0
INFO 2026-10-01 23:24:01,563 basehttp "GET /bicicletas/ HTTP/1.1" 302 0
INFO 2026-10-01 23:24:01,571 basehttp "GET /bicicletas/ HTTP/1.1" 302 0
INFO 2026-10-01 23:24:01,581 basehttp "GET /bicicletas/ HTTP/1.1" 302 0
INFO 2026-10-01 23:24:01,590 basehttp "GET /bicicletas/ HTTP/1.1" 302 0
INFO 2026-10-01 23:24:01,601 basehttp "GET /bicicletas/ HTTP/1.1" 302 0
INFO 2026-10-01 23:24:01,617 basehttp "GET /bicicletas/ HTTP/1.1" 302 0
INFO 2026-10-01 23:24:01,633 basehttp "GET /bicicletas/ HTTP/1.1" 302 0
INFO 2026-10-01 23:24:01,643 basehttp "GET /bicicletas/ HTTP/1.1" 302 0
INFO 2026-10-01 23:24:01,652 basehttp "GET /bicicletas/ HTTP/1.1" 302 0
INFO 2026-10-01 23:24:01,662 basehttp "GET /bicicletas/ HTTP/1.1" 302 0
INFO 2026-10-01 23:24:01,670 basehttp "GET /bicicletas/ HTTP/1.1" 302 0
INFO 2026-10-01 23:24:01,681 basehttp "GET /bicicletas/ HTTP/1.1" 302 0
INFO 2026-10-01 23:24:01,693 basehttp "GET /bicicletas/ HTTP/1.1" 302 0
INFO 2026-10-01 23:24:01,704 basehttp "GET /bicicletas/ HTTP/1.1" 302 0
INFO 2026-10-01 23:24:28,690 basehttp "GET /bicicletas/ HTTP/1.1" 302 0
INFO 2026-10-01 23:24:28,707 basehttp "GET /bicicletas/ HTTP/1.1" 302 0
INFO 2026-10-01 23:24:28,719 basehttp "GET /bicicletas/ HTTP/1.1" 302 0
INFO 2026-10-01 23:24:28,731 basehttp "GET /bicicletas/ HTTP/1.1" 302 0
INFO 2026-10-01 23:24:28,740 basehttp "GET /bicicletas/ HTTP/1.1" 302 0
INFO 2026-10-01 23:24:28,751 basehttp "GET /bicicletas/ HTTP/1.1" 302 0
INFO 2026-10-01 23:24:28,766 basehttp "GET /bicicletas/ HTTP/1.1" 302 0
INFO 2026-10-01 23:24:28,780 basehttp "GET /bicicletas/ HTTP/1.1" 302 0
INFO 2026-10-01 23:24:28,793 basehttp "GET /bicicletas/ HTTP/1.1" 302 0
INFO 2026-10-01 23:24:28,804 basehttp "GET /bicicletas/ HTTP/1.1" 302 0
INFO 2026-10-01 23:24:28,814 basehttp "GET /bicicletas/ HTTP/1.1" 302 0
INFO 2026-10-01 23:24:28,823 basehttp "GET /bicicletas/ HTTP/1.1" 302 0
INFO 2026-10-01 23:24:28,836 basehttp "GET /bicicletas/ HTTP/1.1" 302 0
INFO 2026-10-01 23:24:28,847 basehttp "GET /bicicletas/ HTTP/1.1" 302 0
INFO 2026-10-01 23:24:28,855 basehttp "GET /bicicletas/ HTTP/1.1" 302 0
INFO 2026-10-01 23:24:28,866 basehttp "GET /bicicletas/ HTTP/1.1" 302 0
INFO 2026-10-01 23:24:28,876 basehttp "GET /bicicletas/ HTTP/1.1" 302 0
INFO 2026-10-01 23:24:28,886 basehttp "GET /bicicletas/ HTTP/1.1" 302 0
INFO 2026-10-01 23:24:28,897 basehttp "GET /bicicletas/ HTTP/1.1" 302 0
INFO 2026-10-01 23:24:28,906 basehttp "GET /bicicletas/ HTTP/1.1" 302 0
INFO 2026-10-01 23:24:33,950 basehttp "GET /bicicletas/ HTTP/1.1" 302 0
INFO 2026-10-01 23:24:33,969 basehttp "GET /bicicletas/ HTTP/1.1" 302 0
INFO 2026-10-01 23:24:33,989 basehttp "GET /bicicletas/ HTTP/1.1" 302 0
INFO 2026-10-01 23:24:34,004 basehttp "GET /bicicletas/ HTTP/1.1" 302 0
INFO 2026-10-01 23:24:34,022 basehttp "GET /bicicletas/ HTTP/1.1" 302 0
INFO 2026-10-01 23:24:34,034 basehttp "GET /bicicletas/ HTTP/1.1" 302 0
INFO 2026-10-01 23:24:34,047 basehttp "GET /bicicletas/ HTTP/1.1" 302 0
INFO 2026-10-01 23:24:34,056 basehttp "GET /bicicletas/ HTTP/1.1" 302 0
INFO 2026-10-01 23:24:34,070 basehttp "GET /bicicletas/ HTTP/1.1" 302 0
INFO 2026-10-01 23:24:34,084 basehttp "GET /bicicletas/ HTTP/1.1" 302 0
INFO 2026-10-01 23:24:34,100 basehttp "GET /bicicletas/ HTTP/1.1" 302 0
INFO 2026-10-01 23:24:34,114 basehttp "GET /bicicletas/ HTTP/1.1" 302 0
INFO 2026-10-01 23:24:34,126 basehttp "GET /bicicletas/ HTTP/1.1" 302 0
INFO 2026-10-01 23:24:34,137 basehttp "GET /bicicletas/ HTTP/1.1" 302 0
INFO 2026-10-01 23:24:34,150 basehttp "GET /bicicletas/ HTTP/1.1" 302 0
INFO 2026-10-01 23:24:34,160 basehttp "GET /bicicletas/ HTTP/1.1" 302 0
INFO 2026-10-01 23:24:34,168 basehttp "GET /bicicletas/ HTTP/1.1" 302 0
INFO 2026-10-01 23:24:34,177 basehttp "GET /bicicletas/ HTTP/1.1" 302 0
INFO 2026-10-01 23:24:34,186 basehttp "GET /bicicletas/ HTTP/1.1" 302 0
INFO 2026-10-01 23:24:34,197 basehttp "GET /bicicletas/ HTTP/1.1" 302 0
INFO 2026-10-01 23:29:11,121 autoreload C:\Users\Aty\Desktop\tienda_bicicletas\bicicletas\urls.py changed, reloading.
INFO 2026-10-01 23:29:20,825 autoreload Watching for file changes with StatReloader
INFO 2026-10-01 23:29:37,205 autoreload C:\Users\Aty\Desktop\tienda_bicicletas\bicicletas\models.py changed, reloading.
INFO 2026-10-01 23:29:44,438 autoreload Watching for file changes with StatReloader
INFO 2026-10-01 23:30:05,619 autoreload C:\Users\Aty\Desktop\tienda_bicicletas\bicicletas\admin.py changed, reloading.
INFO 2026-10-01 23:30:12,713 autoreload Watching for file changes with StatReloader
INFO 2026-10-01 23:30:32,028 autoreload C:\Users\Aty\Desktop\tienda_bicicletas\bicicletas\views.py changed, reloading.
INFO 2026-10-01 23:30:39,972 autoreload Watching for file changes with StatReloader
INFO 2026-10-01 23:31:00,149 autoreload C:\Users\Aty\Desktop\tienda_bicicletas\bicicletas\forms.py changed, reloading.
INFO 2026-10-01 23:31:23,780 autoreload Watching for file changes with StatReloader
INFO 2026-10-01 23:31:53,656 basehttp "GET /bicicletas/ HTTP/1.1" 302 0
INFO 2026-10-01 23:31:53,677 basehttp "GET /bicicletas/ HTTP/1.1" 302 0
INFO 2026-10-01 23:31:53,691 basehttp "GET /bicicletas/ HTTP/1.1" 302 0
INFO 2026-10-01 23:31:53,707 basehttp "GET /bicicletas/ HTTP/1.1" 302 0
INFO 2026-10-01 23:31:53,723 basehttp "GET /bicicletas/ HTTP/1.1" 302 0
INFO 2026-10-01 23:31:53,738 basehttp "GET /bicicletas/ HTTP/1.1" 302 0
INFO 2026-10-01 23:31:53,752 basehttp "GET /bicicletas/ HTTP/1.1" 302 0
INFO 2026-10-01 23:31:53,766 basehttp "GET /bicicletas/ HTTP/1.1" 302 0
INFO 2026-10-01 23:31:53,782 basehttp "GET /bicicletas/ HTTP/1.1" 302 0
INFO 2026-10-01 23:31:53,796 basehttp "GET /bicicletas/ HTTP/1.1" 302 0
INFO 2026-10-01 23:31:53,811 basehttp "GET /bicicletas/ HTTP/1.1" 302 0
INFO 2026-10-01 23:31:53,828 basehttp "GET /bicicletas/ HTTP/1.1" 302 0
INFO 2026-10-01 23:31:53,850 basehttp "GET /bicicletas/ HTTP/1.1" 302 0
INFO 2026-10-01 23:31:53,864 basehttp "GET /bicicletas/ HTTP/1.1" 302 0
INFO 2026-10-01 23:31:53,880 basehttp "GET /bicicletas/ HTTP/1.1" 302 0
INFO 2026-10-01 23:31:53,894 basehttp "GET /bicicletas/ HTTP/1.1" 302 0
INFO 2026-10-01 23:31:53,907 basehttp "GET /bicicletas/ HTTP/1.1" 302 0
INFO 2026-10-01 23:31:53,918 basehttp "GET /bicicletas/ HTTP/1.1" 302 0
INFO 2026-10-01 23:31:53,932 basehttp "GET /bicicletas/ HTTP/1.1" 302 0
INFO 2026-10-01 23:31:53,946 basehttp "GET /bicicletas/ HTTP/1.1" 302 0
INFO 2026-10-01 23:31:56,793 basehttp "GET /bicicletas/ HTTP/1.1" 302 0
INFO 2026-10-01 23:31:56,811 basehttp "GET /bicicletas/ HTTP/1.1" 302 0
INFO 2026-10-01 23:31:56,827 basehttp "GET /bicicletas/ HTTP/1.1" 302 0
INFO 2026-10-01 23:31:56,846 basehttp "GET /bicicletas/ HTTP/1.1" 302 0
INFO 2026-10-01 23:31:56,864 basehttp "GET /bicicletas/ HTTP/1.1" 302 0
INFO 2026-10-01 23:31:56,882 basehttp "GET /bicicletas/ HTTP/1.1" 302 0
INFO 2026-10-01 23:31:56,902 basehttp "GET /bicicletas/ HTTP/1.1" 302 0
INFO 2026-10-01 23:31:56,917 basehttp "GET /bicicletas/ HTTP/1.1" 302 0
INFO 2026-10-01 23:31:56,930 basehttp "GET /bicicletas/ HTTP/1.1" 302 0
INFO 2026-10-01 23:31:56,944 basehttp "GET /bicicletas/ HTTP/1.1" 302 0
INFO 2026-10-01 23:31:56,957 basehttp "GET /bicicletas/ HTTP/1.1" 302 0
INFO 2026-10-01 23:31:56,973 basehttp "GET /bicicletas/ HTTP/1.1" 302 0
INFO 2026-10-01 23:31:56,990 basehttp "GET /bicicletas/ HTTP/1.1" 302 0
INFO 2026-10-01 23:31:57,004 basehttp "GET /bicicletas/ HTTP/1.1" 302 0
INFO 2026-10-01 23:31:57,017 basehttp "GET /bicicletas/ HTTP/1.1" 302 0
INFO 2026-10-01 23:31:57,034 basehttp "GET /bicicletas/ HTTP/1.1" 302 0
INFO 2026-10-01 23:31:57,051 basehttp "GET /bicicletas/ HTTP/1.1" 302 0
INFO 2026-10-01 23:31:57,064 basehttp "GET /bicicletas/ HTTP/1.1" 302 0
INFO 2026-10-01 23:31:57,081 basehttp "GET /bicicletas/ HTTP/1.1" 302 0
INFO 2026-10-01 23:31:57,097 basehttp "GET /bicicletas/ HTTP/1.1" 302 0
INFO 2026-10-01 23:33:30,491 autoreload C:\Users\Aty\Desktop\tienda_bicicletas\config\settings.py changed, reloading.
INFO 2026-10-01 23:33:40,897 autoreload Watching for file changes with StatReloader
INFO 2026-10-01 23:34:04,305 autoreload C:\Users\Aty\Desktop\tienda_bicicletas\bicicletas\models.py changed, reloading.
INFO 2026-10-01 23:34:08,706 autoreload Watching for file changes with StatReloader
INFO 2026-10-01 23:34:31,331 autoreload C:\Users\Aty\Desktop\tienda_bicicletas\bicicletas\forms.py changed, reloading.
INFO 2026-10-01 23:34:36,351 autoreload Watching for file changes with StatReloader
INFO 2026-10-01 23:34:58,332 autoreload C:\Users\Aty\Desktop\tienda_bicicletas\bicicletas\views.py changed, reloading.
INFO 2026-10-01 23:35:03,013 autoreload Watching for file changes with StatReloader
INFO 2026-10-01 23:35:17,375 autoreload C:\Users\Aty\Desktop\tienda_bicicletas\bicicletas\urls.py changed, reloading.
INFO 2026-10-01 23:35:23,927 autoreload Watching for file changes with StatReloader
INFO 2026-10-01 23:35:52,810 autoreload C:\Users\Aty\Desktop\tienda_bicicletas\bicicletas\admin.py changed, reloading.
INFO 2026-10-01 23:35:59,166 autoreload Watching for file changes with StatReloader
INFO 2026-10-01 23:36:16,724 autoreload C:\Users\Aty\Desktop\tienda_bicicletas\bicicletas\apps.py changed, reloading.
INFO 2026-10-01 23:36:22,026 autoreload Watching for file changes with StatReloader
INFO 2026-10-01 23:38:55,022 basehttp "GET /bicicletas/ HTTP/1.1" 302 0
INFO 2026-10-01 23:38:55,040 basehttp "GET /bicicletas/ HTTP/1.1" 302 0
INFO 2026-10-01 23:38:55,052 basehttp "GET /bicicletas/ HTTP/1.1" 302 0
INFO 2026-10-01 23:38:55,060 basehttp "GET /bicicletas/ HTTP/1.1" 302 0
INFO 2026-10-01 23:38:55,071 basehttp "GET /bicicletas/ HTTP/1.1" 302 0
INFO 2026-10-01 23:38:55,080 basehttp "GET /bicicletas/ HTTP/1.1" 302 0
INFO 2026-10-01 23:38:55,090 basehttp "GET /bicicletas/ HTTP/1.1" 302 0
INFO 2026-10-01 23:38:55,098 basehttp "GET /bicicletas/ HTTP/1.1" 302 0
INFO 2026-10-01 23:38:55,109 basehttp "GET /bicicletas/ HTTP/1.1" 302 0
INFO 2026-10-01 23:38:55,118 basehttp "GET /bicicletas/ HTTP/1.1" 302 0
INFO 2026-10-01 23:38:55,127 basehttp "GET /bicicletas/ HTTP/1.1" 302 0
INFO 2026-10-01 23:38:55,140 basehttp "GET /bicicletas/ HTTP/1.1" 302 0
INFO 2026-10-01 23:38:55,152 basehttp "GET /bicicletas/ HTTP/1.1" 302 0
INFO 2026-10-01 23:38:55,162 basehttp "GET /bicicletas/ HTTP/1.1" 302 0
INFO 2026-10-01 23:38:55,175 basehttp "GET /bicicletas/ HTTP/1.1" 302 0
INFO 2026-10-01 23:38:55,189 basehttp "GET /bicicletas/ HTTP/1.1" 302 0
INFO 2026-10-01 23:38:55,210 basehttp "GET /bicicletas/ HTTP/1.1" 302 0
INFO 2026-10-01 23:38:55,224 basehttp "GET /bicicletas/ HTTP/1.1" 302 0
INFO 2026-10-01 23:38:55,233 basehttp "GET /bicicletas/ HTTP/1.1" 302 0
INFO 2026-10-01 23:38:55,245 basehttp "GET /bicicletas/ HTTP/1.1" 302 0
INFO 2026-10-01 23:38:56,927 basehttp "GET /bicicletas/ HTTP/1.1" 302 0
INFO 2026-10-01 23:38:56,944 basehttp "GET /bicicletas/ HTTP/1.1" 302 0
INFO 2026-10-01 23:38:56,958 basehttp "GET /bicicletas/ HTTP/1.1" 302 0
INFO 2026-10-01 23:38:56,974 basehttp "GET /bicicletas/ HTTP/1.1" 302 0
INFO 2026-10-01 23:38:56,990 basehttp "GET /bicicletas/ HTTP/1.1" 302 0
INFO 2026-10-01 23:38:57,004 basehttp "GET /bicicletas/ HTTP/1.1" 302 0
INFO 2026-10-01 23:38:57,017 basehttp "GET /bicicletas/ HTTP/1.1" 302 0
INFO 2026-10-01 23:38:57,030 basehttp "GET /bicicletas/ HTTP/1.1" 302 0
INFO 2026-10-01 23:38:57,049 basehttp "GET /bicicletas/ HTTP/1.1" 302 0
INFO 2026-10-01 23:38:57,068 basehttp "GET /bicicletas/ HTTP/1.1" 302 0
INFO 2026-10-01 23:38:57,080 basehttp "GET /bicicletas/ HTTP/1.1" 302 0
INFO 2026-10-01 23:38:57,095 basehttp "GET /bicicletas/ HTTP/1.1" 302 0
INFO 2026-10-01 23:38:57,110 basehttp "GET /bicicletas/ HTTP/1.1" 302 0
INFO 2026-10-01 23:38:57,122 basehttp "GET /bicicletas/ HTTP/1.1" 302 0
INFO 2026-10-01 23:38:57,138 basehttp "GET /bicicletas/ HTTP/1.1" 302 0
INFO 2026-10-01 23:38:57,152 basehttp "GET /bicicletas/ HTTP/1.1" 302 0
INFO 2026-10-01 23:38:57,165 basehttp "GET /bicicletas/ HTTP/1.1" 302 0
INFO 2026-10-01 23:38:57,178 basehttp "GET /bicicletas/ HTTP/1.1" 302 0
INFO 2026-10-01 23:38:57,192 basehttp "GET /bicicletas/ HTTP/1.1" 302 0
INFO 2026-10-01 23:38:57,209 basehttp "GET /bicicletas/ HTTP/1.1" 302 0
INFO 2026-10-01 23:38:58,684 basehttp "GET /bicicletas/ HTTP/1.1" 302 0
INFO 2026-10-01 23:38:58,702 basehttp "GET /bicicletas/ HTTP/1.1" 302 0
INFO 2026-10-01 23:38:58,713 basehttp "GET /bicicletas/ HTTP/1.1" 302 0
INFO 2026-10-01 23:38:58,729 basehttp "GET /bicicletas/ HTTP/1.1" 302 0
INFO 2026-10-01 23:38:58,746 basehttp "GET /bicicletas/ HTTP/1.1" 302 0
INFO 2026-10-01 23:38:58,762 basehttp "GET /bicicletas/ HTTP/1.1" 302 0
INFO 2026-10-01 23:38:58,777 basehttp "GET /bicicletas/ HTTP/1.1" 302 0
INFO 2026-10-01 23:38:58,790 basehttp "GET /bicicletas/ HTTP/1.1" 302 0
INFO 2026-10-01 23:38:58,802 basehttp "GET /bicicletas/ HTTP/1.1" 302 0
INFO 2026-10-01 23:38:58,815 basehttp "GET /bicicletas/ HTTP/1.1" 302 0
INFO 2026-10-01 23:38:58,827 basehttp "GET /bicicletas/ HTTP/1.1" 302 0
INFO 2026-10-01 23:38:58,841 basehttp "GET /bicicletas/ HTTP/1.1" 302 0
INFO 2026-10-01 23:38:58,853 basehttp "GET /bicicletas/ HTTP/1.1" 302 0
INFO 2026-10-01 23:38:58,864 basehttp "GET /bicicletas/ HTTP/1.1" 302 0
INFO 2026-10-01 23:38:58,879 basehttp "GET /bicicletas/ HTTP/1.1" 302 0
INFO 2026-10-01 23:38:58,894 basehttp "GET /bicicletas/ HTTP/1.1" 302 0
INFO 2026-10-01 23:38:58,908 basehttp "GET /bicicletas/ HTTP/1.1" 302 0
INFO 2026-10-01 23:38:58,926 basehttp "GET /bicicletas/ HTTP/1.1" 302 0
INFO 2026-10-01 23:38:58,939 basehttp "GET /bicicletas/ HTTP/1.1" 302 0
INFO 2026-10-01 23:38:58,953 basehttp "GET /bicicletas/ HTTP/1.1" 302 0
INFO 2026-10-01 23:38:59,057 basehttp "GET /bicicletas/ HTTP/1.1" 302 0
INFO 2026-10-01 23:38:59,074 basehttp "GET /bicicletas/ HTTP/1.1" 302 0
INFO 2026-10-01 23:38:59,088 basehttp "GET /bicicletas/ HTTP/1.1" 302 0
INFO 2026-10-01 23:38:59,103 basehttp "GET /bicicletas/ HTTP/1.1" 302 0
INFO 2026-10-01 23:38:59,116 basehttp "GET /bicicletas/ HTTP/1.1" 302 0
INFO 2026-10-01 23:38:59,133 basehttp "GET /bicicletas/ HTTP/1.1" 302 0
INFO 2026-10-01 23:38:59,147 basehttp "GET /bicicletas/ HTTP/1.1" 302 0
INFO 2026-10-01 23:38:59,161 basehttp "GET /bicicletas/ HTTP/1.1" 302 0
INFO 2026-10-01 23:38:59,175 basehttp "GET /bicicletas/ HTTP/1.1" 302 0
INFO 2026-10-01 23:38:59,201 basehttp "GET /bicicletas/ HTTP/1.1" 302 0
INFO 2026-10-01 23:38:59,215 basehttp "GET /bicicletas/ HTTP/1.1" 302 0
INFO 2026-10-01 23:38:59,231 basehttp "GET /bicicletas/ HTTP/1.1" 302 0
INFO 2026-10-01 23:38:59,246 basehttp "GET /bicicletas/ HTTP/1.1" 302 0
INFO 2026-10-01 23:38:59,262 basehttp "GET /bicicletas/ HTTP/1.1" 302 0
INFO 2026-10-01 23:38:59,277 basehttp "GET /bicicletas/ HTTP/1.1" 302 0
INFO 2026-10-01 23:38:59,294 basehttp "GET /bicicletas/ HTTP/1.1" 302 0
INFO 2026-10-01 23:38:59,307 basehttp "GET /bicicletas/ HTTP/1.1" 302 0
INFO 2026-10-01 23:38:59,337 basehttp "GET /bicicletas/ HTTP/1.1" 302 0
INFO 2026-10-01 23:38:59,360 basehttp "GET /bicicletas/ HTTP/1.1" 302 0
INFO 2026-10-01 23:38:59,373 basehttp "GET /bicicletas/ HTTP/1.1" 302 0
INFO 2026-10-01 23:39:33,000 basehttp "GET /bicicletas/ HTTP/1.1" 302 0
INFO 2026-10-01 23:39:33,025 basehttp "GET /bicicletas/ HTTP/1.1" 302 0
INFO 2026-10-01 23:39:33,035 basehttp "GET /bicicletas/ HTTP/1.1" 302 0
INFO 2026-10-01 23:39:33,049 basehttp "GET /bicicletas/ HTTP/1.1" 302 0
INFO 2026-10-01 23:39:33,063 basehttp "GET /bicicletas/ HTTP/1.1" 302 0
INFO 2026-10-01 23:39:33,076 basehttp "GET /bicicletas/ HTTP/1.1" 302 0
INFO 2026-10-01 23:39:33,091 basehttp "GET /bicicletas/ HTTP/1.1" 302 0
INFO 2026-10-01 23:39:33,101 basehttp "GET /bicicletas/ HTTP/1.1" 302 0
INFO 2026-10-01 23:39:33,116 basehttp "GET /bicicletas/ HTTP/1.1" 302 0
INFO 2026-10-01 23:39:33,129 basehttp "GET /bicicletas/ HTTP/1.1" 302 0
INFO 2026-10-01 23:39:33,142 basehttp "GET /bicicletas/ HTTP/1.1" 302 0
INFO 2026-10-01 23:39:33,154 basehttp "GET /bicicletas/ HTTP/1.1" 302 0
INFO 2026-10-01 23:39:33,164 basehttp "GET /bicicletas/ HTTP/1.1" 302 0
INFO 2026-10-01 23:39:33,176 basehttp "GET /bicicletas/ HTTP/1.1" 302 0
INFO 2026-10-01 23:39:33,190 basehttp "GET /bicicletas/ HTTP/1.1" 302 0
INFO 2026-10-01 23:39:33,206 basehttp "GET /bicicletas/ HTTP/1.1" 302 0
INFO 2026-10-01 23:39:33,216 basehttp "GET /bicicletas/ HTTP/1.1" 302 0
INFO 2026-10-01 23:39:33,226 basehttp "GET /bicicletas/ HTTP/1.1" 302 0
INFO 2026-10-01 23:39:33,246 basehttp "GET /bicicletas/ HTTP/1.1" 302 0
INFO 2026-10-01 23:39:33,258 basehttp "GET /bicicletas/ HTTP/1.1" 302 0
INFO 2026-10-01 23:39:34,845 basehttp "GET /bicicletas/ HTTP/1.1" 302 0
INFO 2026-10-01 23:39:34,860 basehttp "GET /bicicletas/ HTTP/1.1" 302 0
INFO 2026-10-01 23:39:34,871 basehttp "GET /bicicletas/ HTTP/1.1" 302 0
INFO 2026-10-01 23:39:34,881 basehttp "GET /bicicletas/ HTTP/1.1" 302 0
INFO 2026-10-01 23:39:34,893 basehttp "GET /bicicletas/ HTTP/1.1" 302 0
INFO 2026-10-01 23:39:34,906 basehttp "GET /bicicletas/ HTTP/1.1" 302 0
INFO 2026-10-01 23:39:34,917 basehttp "GET /bicicletas/ HTTP/1.1" 302 0
INFO 2026-10-01 23:39:34,926 basehttp "GET /bicicletas/ HTTP/1.1" 302 0
INFO 2026-10-01 23:39:34,936 basehttp "GET /bicicletas/ HTTP/1.1" 302 0
INFO 2026-10-01 23:39:34,948 basehttp "GET /bicicletas/ HTTP/1.1" 302 0
INFO 2026-10-01 23:39:34,959 basehttp "GET /bicicletas/ HTTP/1.1" 302 0
INFO 2026-10-01 23:39:34,968 basehttp "GET /bicicletas/ HTTP/1.1" 302 0
INFO 2026-10-01 23:39:34,981 basehttp "GET /bicicletas/ HTTP/1.1" 302 0
INFO 2026-10-01 23:39:34,991 basehttp "GET /bicicletas/ HTTP/1.1" 302 0
INFO 2026-10-01 23:39:35,000 basehttp "GET /bicicletas/ HTTP/1.1" 302 0
INFO 2026-10-01 23:39:35,010 basehttp "GET /bicicletas/ HTTP/1.1" 302 0
INFO 2026-10-01 23:39:35,022 basehttp "GET /bicicletas/ HTTP/1.1" 302 0
INFO 2026-10-01 23:39:35,030 basehttp "GET /bicicletas/ HTTP/1.1" 302 0
INFO 2026-10-01 23:39:35,042 basehttp "GET /bicicletas/ HTTP/1.1" 302 0
INFO 2026-10-01 23:39:35,056 basehttp "GET /bicicletas/ HTTP/1.1" 302 0
INFO 2026-10-01 23:40:17,140 autoreload Watching for file changes with StatReloader
INFO 2026-10-01 23:40:19,628 basehttp "GET /bicicletas/ HTTP/1.1" 302 0
INFO 2026-10-01 23:40:19,644 basehttp "GET /bicicletas/ HTTP/1.1" 302 0
INFO 2026-10-01 23:40:19,657 basehttp "GET /bicicletas/ HTTP/1.1" 302 0
INFO 2026-10-01 23:40:19,674 basehttp "GET /bicicletas/ HTTP/1.1" 302 0
INFO 2026-10-01 23:40:19,686 basehttp "GET /bicicletas/ HTTP/1.1" 302 0
INFO 2026-10-01 23:40:19,702 basehttp "GET /bicicletas/ HTTP/1.1" 302 0
INFO 2026-10-01 23:40:19,717 basehttp "GET /bicicletas/ HTTP/1.1" 302 0
INFO 2026-10-01 23:40:19,731 basehttp "GET /bicicletas/ HTTP/1.1" 302 0
INFO 2026-10-01 23:40:19,744 basehttp "GET /bicicletas/ HTTP/1.1" 302 0
INFO 2026-10-01 23:40:19,754 basehttp "GET /bicicletas/ HTTP/1.1" 302 0
INFO 2026-10-01 23:40:19,768 basehttp "GET /bicicletas/ HTTP/1.1" 302 0
INFO 2026-10-01 23:40:19,781 basehttp "GET /bicicletas/ HTTP/1.1" 302 0
INFO 2026-10-01 23:40:19,795 basehttp "GET /bicicletas/ HTTP/1.1" 302 0
INFO 2026-10-01 23:40:19,806 basehttp "GET /bicicletas/ HTTP/1.1" 302 0
INFO 2026-10-01 23:40:19,820 basehttp "GET /bicicletas/ HTTP/1.1" 302 0
INFO 2026-10-01 23:40:19,834 basehttp "GET /bicicletas/ HTTP/1.1" 302 0
INFO 2026-10-01 23:40:19,851 basehttp "GET /bicicletas/ HTTP/1.1" 302 0
INFO 2026-10-01 23:40:19,866 basehttp "GET /bicicletas/ HTTP/1.1" 302 0
INFO 2026-10-01 23:40:19,879 basehttp "GET /bicicletas/ HTTP/1.1" 302 0
INFO 2026-10-01 23:40:19,893 basehttp "GET /bicicletas/ HTTP/1.1" 302 0
INFO 2026-10-01 23:40:20,956 basehttp "GET /bicicletas/ HTTP/1.1" 302 0
INFO 2026-10-01 23:40:20,970 basehttp "GET /bicicletas/ HTTP/1.1" 302 0
INFO 2026-10-01 23:40:20,983 basehttp "GET /bicicletas/ HTTP/1.1" 302 0
INFO 2026-10-01 23:40:20,999 basehttp "GET /bicicletas/ HTTP/1.1" 302 0
INFO 2026-10-01 23:40:21,016 basehttp "GET /bicicletas/ HTTP/1.1" 302 0
INFO 2026-10-01 23:40:21,036 basehttp - Broken pipe from ('127.0.0.1', 51095)
INFO 2026-10-01 23:40:27,218 basehttp "GET / HTTP/1.1" 302 0
INFO 2026-10-01 23:40:27,243 basehttp "GET /bicicletas/ HTTP/1.1" 302 0
INFO 2026-10-01 23:40:27,258 basehttp "GET /bicicletas/ HTTP/1.1" 302 0
INFO 2026-10-01 23:40:27,269 basehttp "GET /bicicletas/ HTTP/1.1" 302 0
INFO 2026-10-01 23:40:27,281 basehttp "GET /bicicletas/ HTTP/1.1" 302 0
INFO 2026-10-01 23:40:27,293 basehttp "GET /bicicletas/ HTTP/1.1" 302 0
INFO 2026-10-01 23:40:27,302 basehttp "GET /bicicletas/ HTTP/1.1" 302 0
INFO 2026-10-01 23:40:27,313 basehttp "GET /bicicletas/ HTTP/1.1" 302 0
INFO 2026-10-01 23:40:27,323 basehttp "GET /bicicletas/ HTTP/1.1" 302 0
INFO 2026-10-01 23:40:27,332 basehttp "GET /bicicletas/ HTTP/1.1" 302 0
INFO 2026-10-01 23:40:27,341 basehttp "GET /bicicletas/ HTTP/1.1" 302 0
INFO 2026-10-01 23:40:27,349 basehttp "GET /bicicletas/ HTTP/1.1" 302 0
INFO 2026-10-01 23:40:27,359 basehttp "GET /bicicletas/ HTTP/1.1" 302 0
INFO 2026-10-01 23:40:27,368 basehttp "GET /bicicletas/ HTTP/1.1" 302 0
INFO 2026-10-01 23:40:27,376 basehttp "GET /bicicletas/ HTTP/1.1" 302 0
INFO 2026-10-01 23:40:27,385 basehttp "GET /bicicletas/ HTTP/1.1" 302 0
INFO 2026-10-01 23:40:27,394 basehttp "GET /bicicletas/ HTTP/1.1" 302 0
INFO 2026-10-01 23:40:27,404 basehttp "GET /bicicletas/ HTTP/1.1" 302 0
INFO 2026-10-01 23:40:27,413 basehttp "GET /bicicletas/ HTTP/1.1" 302 0
INFO 2026-10-01 23:40:27,425 basehttp "GET /bicicletas/ HTTP/1.1" 302 0
INFO 2026-10-01 23:40:27,763 basehttp "GET / HTTP/1.1" 302 0
INFO 2026-10-01 23:40:27,787 basehttp "GET /bicicletas/ HTTP/1.1" 302 0
INFO 2026-10-01 23:40:27,808 basehttp "GET /bicicletas/ HTTP/1.1" 302 0
INFO 2026-10-01 23:40:27,821 basehttp "GET /bicicletas/ HTTP/1.1" 302 0
INFO 2026-10-01 23:40:27,834 basehttp "GET /bicicletas/ HTTP/1.1" 302 0
INFO 2026-10-01 23:40:27,847 basehttp "GET /bicicletas/ HTTP/1.1" 302 0
INFO 2026-10-01 23:40:27,863 basehttp "GET /bicicletas/ HTTP/1.1" 302 0
INFO 2026-10-01 23:40:27,874 basehttp "GET /bicicletas/ HTTP/1.1" 302 0
INFO 2026-10-01 23:40:27,885 basehttp "GET /bicicletas/ HTTP/1.1" 302 0
INFO 2026-10-01 23:40:27,896 basehttp "GET /bicicletas/ HTTP/1.1" 302 0
INFO 2026-10-01 23:40:27,909 basehttp "GET /bicicletas/ HTTP/1.1" 302 0
INFO 2026-10-01 23:40:27,920 basehttp "GET /bicicletas/ HTTP/1.1" 302 0
INFO 2026-10-01 23:40:27,932 basehttp "GET /bicicletas/ HTTP/1.1" 302 0
INFO 2026-10-01 23:40:27,944 basehttp "GET /bicicletas/ HTTP/1.1" 302 0
INFO 2026-10-01 23:40:27,958 basehttp "GET /bicicletas/ HTTP/1.1" 302 0
INFO 2026-10-01 23:40:27,967 basehttp "GET /bicicletas/ HTTP/1.1" 302 0
INFO 2026-10-01 23:40:27,977 basehttp "GET /bicicletas/ HTTP/1.1" 302 0
INFO 2026-10-01 23:40:27,986 basehttp "GET /bicicletas/ HTTP/1.1" 302 0
INFO 2026-10-01 23:40:27,997 basehttp "GET /bicicletas/ HTTP/1.1" 302 0
INFO 2026-10-01 23:40:28,009 basehttp "GET /bicicletas/ HTTP/1.1" 302 0
INFO 2026-10-01 23:40:29,081 basehttp "GET /bicicletas/ HTTP/1.1" 302 0
INFO 2026-10-01 23:40:29,096 basehttp "GET /bicicletas/ HTTP/1.1" 302 0
INFO 2026-10-01 23:40:29,108 basehttp "GET /bicicletas/ HTTP/1.1" 302 0
INFO 2026-10-01 23:40:29,120 basehttp "GET /bicicletas/ HTTP/1.1" 302 0
INFO 2026-10-01 23:40:29,134 basehttp "GET /bicicletas/ HTTP/1.1" 302 0
INFO 2026-10-01 23:40:29,150 basehttp "GET /bicicletas/ HTTP/1.1" 302 0
INFO 2026-10-01 23:40:29,163 basehttp "GET /bicicletas/ HTTP/1.1" 302 0
INFO 2026-10-01 23:40:29,175 basehttp "GET /bicicletas/ HTTP/1.1" 302 0
INFO 2026-10-01 23:40:29,186 basehttp "GET /bicicletas/ HTTP/1.1" 302 0
INFO 2026-10-01 23:40:29,200 basehttp "GET /bicicletas/ HTTP/1.1" 302 0
INFO 2026-10-01 23:40:29,214 basehttp "GET /bicicletas/ HTTP/1.1" 302 0
INFO 2026-10-01 23:40:29,232 basehttp "GET /bicicletas/ HTTP/1.1" 302 0
INFO 2026-10-01 23:40:29,245 basehttp "GET /bicicletas/ HTTP/1.1" 302 0
INFO 2026-10-01 23:40:29,258 basehttp "GET /bicicletas/ HTTP/1.1" 302 0
INFO 2026-10-01 23:40:29,271 basehttp "GET /bicicletas/ HTTP/1.1" 302 0
INFO 2026-10-01 23:40:29,370 basehttp "GET /bicicletas/ HTTP/1.1" 302 0
INFO 2026-10-01 23:40:29,429 basehttp "GET /bicicletas/ HTTP/1.1" 302 0
INFO 2026-10-01 23:40:29,448 basehttp "GET /bicicletas/ HTTP/1.1" 302 0
INFO 2026-10-01 23:40:29,461 basehttp "GET /bicicletas/ HTTP/1.1" 302 0
INFO 2026-10-01 23:40:29,473 basehttp "GET /bicicletas/ HTTP/1.1" 302 0
INFO 2026-10-01 23:42:15,530 basehttp "GET /bicicletas/ HTTP/1.1" 302 0
INFO 2026-10-01 23:42:15,545 basehttp "GET /bicicletas/ HTTP/1.1" 302 0
INFO 2026-10-01 23:42:15,559 basehttp "GET /bicicletas/ HTTP/1.1" 302 0
INFO 2026-10-01 23:42:15,578 basehttp "GET /bicicletas/ HTTP/1.1" 302 0
INFO 2026-10-01 23:42:15,624 basehttp "GET /bicicletas/ HTTP/1.1" 302 0
INFO 2026-10-01 23:42:15,643 basehttp "GET /bicicletas/ HTTP/1.1" 302 0
INFO 2026-10-01 23:42:15,655 basehttp "GET /bicicletas/ HTTP/1.1" 302 0
INFO 2026-10-01 23:42:15,668 basehttp "GET /bicicletas/ HTTP/1.1" 302 0
INFO 2026-10-01 23:42:15,682 basehttp "GET /bicicletas/ HTTP/1.1" 302 0
INFO 2026-10-01 23:42:15,696 basehttp "GET /bicicletas/ HTTP/1.1" 302 0
INFO 2026-10-01 23:42:15,711 basehttp "GET /bicicletas/ HTTP/1.1" 302 0
INFO 2026-10-01 23:42:15,724 basehttp "GET /bicicletas/ HTTP/1.1" 302 0
INFO 2026-10-01 23:42:15,738 basehttp "GET /bicicletas/ HTTP/1.1" 302 0
INFO 2026-10-01 23:42:15,748 basehttp "GET /bicicletas/ HTTP/1.1" 302 0
INFO 2026-10-01 23:42:15,762 basehttp "GET /bicicletas/ HTTP/1.1" 302 0
INFO 2026-10-01 23:42:15,777 basehttp "GET /bicicletas/ HTTP/1.1" 302 0
INFO 2026-10-01 23:42:15,791 basehttp "GET /bicicletas/ HTTP/1.1" 302 0
INFO 2026-10-01 23:42:15,825 basehttp "GET /bicicletas/ HTTP/1.1" 302 0
INFO 2026-10-01 23:42:15,842 basehttp "GET /bicicletas/ HTTP/1.1" 302 0
INFO 2026-10-01 23:42:15,858 basehttp "GET /bicicletas/ HTTP/1.1" 302 0
INFO 2026-10-01 23:45:42,886 basehttp "GET /login/ HTTP/1.1" 200 3427
INFO 2026-10-01 23:45:47,966 basehttp "POST /login/ HTTP/1.1" 302 0
INFO 2026-10-01 23:45:47,981 basehttp "GET /bicicletas/ HTTP/1.1" 302 0
INFO 2026-10-01 23:45:47,989 basehttp "GET /bicicletas/ HTTP/1.1" 302 0
INFO 2026-10-01 23:45:47,998 basehttp "GET /bicicletas/ HTTP/1.1" 302 0
INFO 2026-10-01 23:45:48,007 basehttp "GET /bicicletas/ HTTP/1.1" 302 0
INFO 2026-10-01 23:45:48,016 basehttp "GET /bicicletas/ HTTP/1.1" 302 0
INFO 2026-10-01 23:45:48,026 basehttp "GET /bicicletas/ HTTP/1.1" 302 0
INFO 2026-10-01 23:45:48,037 basehttp "GET /bicicletas/ HTTP/1.1" 302 0
INFO 2026-10-01 23:45:48,046 basehttp "GET /bicicletas/ HTTP/1.1" 302 0
INFO 2026-10-01 23:45:48,054 basehttp "GET /bicicletas/ HTTP/1.1" 302 0
INFO 2026-10-01 23:45:48,062 basehttp "GET /bicicletas/ HTTP/1.1" 302 0
INFO 2026-10-01 23:45:48,071 basehttp "GET /bicicletas/ HTTP/1.1" 302 0
INFO 2026-10-01 23:45:48,079 basehttp "GET /bicicletas/ HTTP/1.1" 302 0
INFO 2026-10-01 23:45:48,090 basehttp "GET /bicicletas/ HTTP/1.1" 302 0
INFO 2026-10-01 23:45:48,098 basehttp "GET /bicicletas/ HTTP/1.1" 302 0
INFO 2026-10-01 23:45:48,107 basehttp "GET /bicicletas/ HTTP/1.1" 302 0
INFO 2026-10-01 23:45:48,118 basehttp "GET /bicicletas/ HTTP/1.1" 302 0
INFO 2026-10-01 23:45:48,128 basehttp "GET /bicicletas/ HTTP/1.1" 302 0
INFO 2026-10-01 23:45:48,138 basehttp "GET /bicicletas/ HTTP/1.1" 302 0
INFO 2026-10-01 23:45:48,148 basehttp "GET /bicicletas/ HTTP/1.1" 302 0
INFO 2026-10-01 23:45:49,437 basehttp "GET /bicicletas/ HTTP/1.1" 302 0
INFO 2026-10-01 23:45:49,446 basehttp "GET /bicicletas/ HTTP/1.1" 302 0
INFO 2026-10-01 23:45:49,456 basehttp "GET /bicicletas/ HTTP/1.1" 302 0
INFO 2026-10-01 23:45:49,465 basehttp "GET /bicicletas/ HTTP/1.1" 302 0
INFO 2026-10-01 23:45:49,477 basehttp "GET /bicicletas/ HTTP/1.1" 302 0
INFO 2026-10-01 23:45:49,489 basehttp "GET /bicicletas/ HTTP/1.1" 302 0
INFO 2026-10-01 23:45:49,498 basehttp "GET /bicicletas/ HTTP/1.1" 302 0
INFO 2026-10-01 23:45:49,507 basehttp "GET /bicicletas/ HTTP/1.1" 302 0
INFO 2026-10-01 23:45:49,514 basehttp "GET /bicicletas/ HTTP/1.1" 302 0
INFO 2026-10-01 23:45:49,524 basehttp "GET /bicicletas/ HTTP/1.1" 302 0
INFO 2026-10-01 23:45:49,532 basehttp "GET /bicicletas/ HTTP/1.1" 302 0
INFO 2026-10-01 23:45:49,543 basehttp "GET /bicicletas/ HTTP/1.1" 302 0
INFO 2026-10-01 23:45:49,551 basehttp "GET /bicicletas/ HTTP/1.1" 302 0
INFO 2026-10-01 23:45:49,559 basehttp "GET /bicicletas/ HTTP/1.1" 302 0
INFO 2026-10-01 23:45:49,566 basehttp "GET /bicicletas/ HTTP/1.1" 302 0
INFO 2026-10-01 23:45:49,574 basehttp "GET /bicicletas/ HTTP/1.1" 302 0
INFO 2026-10-01 23:45:49,582 basehttp "GET /bicicletas/ HTTP/1.1" 302 0
INFO 2026-10-01 23:45:49,591 basehttp "GET /bicicletas/ HTTP/1.1" 302 0
INFO 2026-10-01 23:45:49,602 basehttp "GET /bicicletas/ HTTP/1.1" 302 0
INFO 2026-10-01 23:45:49,612 basehttp "GET /bicicletas/ HTTP/1.1" 302 0
INFO 2026-10-01 23:45:54,651 basehttp "GET /bicicletas/ HTTP/1.1" 302 0
INFO 2026-10-01 23:45:54,665 basehttp "GET /bicicletas/ HTTP/1.1" 302 0
INFO 2026-10-01 23:45:54,681 basehttp "GET /bicicletas/ HTTP/1.1" 302 0
INFO 2026-10-01 23:45:54,697 basehttp "GET /bicicletas/ HTTP/1.1" 302 0
INFO 2026-10-01 23:45:54,712 basehttp "GET /bicicletas/ HTTP/1.1" 302 0
INFO 2026-10-01 23:45:54,726 basehttp "GET /bicicletas/ HTTP/1.1" 302 0
INFO 2026-10-01 23:45:54,740 basehttp "GET /bicicletas/ HTTP/1.1" 302 0
INFO 2026-10-01 23:45:54,754 basehttp "GET /bicicletas/ HTTP/1.1" 302 0
INFO 2026-10-01 23:45:54,762 basehttp "GET /bicicletas/ HTTP/1.1" 302 0
INFO 2026-10-01 23:45:54,775 basehttp "GET /bicicletas/ HTTP/1.1" 302 0
INFO 2026-10-01 23:45:54,787 basehttp "GET /bicicletas/ HTTP/1.1" 302 0
INFO 2026-10-01 23:45:54,798 basehttp "GET /bicicletas/ HTTP/1.1" 302 0
INFO 2026-10-01 23:45:54,810 basehttp "GET /bicicletas/ HTTP/1.1" 302 0
INFO 2026-10-01 23:45:54,823 basehttp "GET /bicicletas/ HTTP/1.1" 302 0
INFO 2026-10-01 23:45:54,833 basehttp "GET /bicicletas/ HTTP/1.1" 302 0
INFO 2026-10-01 23:45:54,847 basehttp "GET /bicicletas/ HTTP/1.1" 302 0
INFO 2026-10-01 23:45:54,860 basehttp "GET /bicicletas/ HTTP/1.1" 302 0
INFO 2026-10-01 23:45:54,874 basehttp "GET /bicicletas/ HTTP/1.1" 302 0
INFO 2026-10-01 23:45:54,886 basehttp "GET /bicicletas/ HTTP/1.1" 302 0
INFO 2026-10-01 23:45:54,897 basehttp "GET /bicicletas/ HTTP/1.1" 302 0
INFO 2026-10-01 23:47:13,245 basehttp "GET /bicicletas/ HTTP/1.1" 302 0
INFO 2026-10-01 23:47:14,675 basehttp "GET /bicicletas/ HTTP/1.1" 302 0
INFO 2026-10-01 23:47:14,710 basehttp "GET /bicicletas/ HTTP/1.1" 302 0
INFO 2026-10-01 23:47:14,803 basehttp "GET /bicicletas/ HTTP/1.1" 302 0
INFO 2026-10-01 23:47:14,839 basehttp "GET /bicicletas/ HTTP/1.1" 302 0
INFO 2026-10-01 23:47:14,854 basehttp "GET /bicicletas/ HTTP/1.1" 302 0
INFO 2026-10-01 23:47:14,870 basehttp "GET /bicicletas/ HTTP/1.1" 302 0
INFO 2026-10-01 23:47:14,884 basehttp "GET /bicicletas/ HTTP/1.1" 302 0
INFO 2026-10-01 23:47:14,898 basehttp "GET /bicicletas/ HTTP/1.1" 302 0
INFO 2026-10-01 23:47:14,912 basehttp "GET /bicicletas/ HTTP/1.1" 302 0
INFO 2026-10-01 23:47:14,927 basehttp "GET /bicicletas/ HTTP/1.1" 302 0
INFO 2026-10-01 23:47:14,940 basehttp "GET /bicicletas/ HTTP/1.1" 302 0
INFO 2026-10-01 23:47:14,955 basehttp "GET /bicicletas/ HTTP/1.1" 302 0
INFO 2026-10-01 23:47:14,969 basehttp "GET /bicicletas/ HTTP/1.1" 302 0
INFO 2026-10-01 23:47:14,983 basehttp "GET /bicicletas/ HTTP/1.1" 302 0
INFO 2026-10-01 23:47:15,040 basehttp "GET /bicicletas/ HTTP/1.1" 302 0
INFO 2026-10-01 23:47:15,161 basehttp "GET /bicicletas/ HTTP/1.1" 302 0
INFO 2026-10-01 23:47:15,195 basehttp "GET /bicicletas/ HTTP/1.1" 302 0
INFO 2026-10-01 23:47:15,208 basehttp "GET /bicicletas/ HTTP/1.1" 302 0
INFO 2026-10-01 23:47:15,229 basehttp "GET /bicicletas/ HTTP/1.1" 302 0
INFO 2026-10-01 23:47:15,242 basehttp "GET /bicicletas/ HTTP/1.1" 302 0
INFO 2026-10-01 23:47:20,048 basehttp "GET / HTTP/1.1" 302 0
INFO 2026-10-01 23:47:20,072 basehttp "GET /bicicletas/ HTTP/1.1" 302 0
INFO 2026-10-01 23:47:20,087 basehttp "GET /bicicletas/ HTTP/1.1" 302 0
INFO 2026-10-01 23:47:20,103 basehttp "GET /bicicletas/ HTTP/1.1" 302 0
INFO 2026-10-01 23:47:20,117 basehttp "GET /bicicletas/ HTTP/1.1" 302 0
INFO 2026-10-01 23:47:20,132 basehttp "GET /bicicletas/ HTTP/1.1" 302 0
INFO 2026-10-01 23:47:20,147 basehttp "GET /bicicletas/ HTTP/1.1" 302 0
INFO 2026-10-01 23:47:20,164 basehttp "GET /bicicletas/ HTTP/1.1" 302 0
INFO 2026-10-01 23:47:20,180 basehttp "GET /bicicletas/ HTTP/1.1" 302 0
INFO 2026-10-01 23:47:20,194 basehttp "GET /bicicletas/ HTTP/1.1" 302 0
INFO 2026-10-01 23:47:20,209 basehttp "GET /bicicletas/ HTTP/1.1" 302 0
INFO 2026-10-01 23:47:20,226 basehttp "GET /bicicletas/ HTTP/1.1" 302 0
INFO 2026-10-01 23:47:20,241 basehttp "GET /bicicletas/ HTTP/1.1" 302 0
INFO 2026-10-01 23:47:20,258 basehttp "GET /bicicletas/ HTTP/1.1" 302 0
INFO 2026-10-01 23:47:20,284 basehttp "GET /bicicletas/ HTTP/1.1" 302 0
INFO 2026-10-01 23:47:20,302 basehttp "GET /bicicletas/ HTTP/1.1" 302 0
INFO 2026-10-01 23:47:20,315 basehttp "GET /bicicletas/ HTTP/1.1" 302 0
INFO 2026-10-01 23:47:20,328 basehttp "GET /bicicletas/ HTTP/1.1" 302 0
INFO 2026-10-01 23:47:20,344 basehttp "GET /bicicletas/ HTTP/1.1" 302 0
INFO 2026-10-01 23:47:20,358 basehttp "GET /bicicletas/ HTTP/1.1" 302 0
INFO 2026-10-01 23:47:20,370 basehttp "GET /bicicletas/ HTTP/1.1" 302 0
INFO 2026-10-01 23:47:20,384 basehttp "GET /bicicletas/ HTTP/1.1" 302 0
INFO 2026-10-01 23:47:20,400 basehttp "GET /bicicletas/ HTTP/1.1" 302 0
INFO 2026-10-01 23:47:20,412 basehttp "GET /bicicletas/ HTTP/1.1" 302 0
INFO 2026-10-01 23:47:20,425 basehttp "GET /bicicletas/ HTTP/1.1" 302 0
INFO 2026-10-01 23:47:20,438 basehttp "GET /bicicletas/ HTTP/1.1" 302 0
INFO 2026-10-01 23:47:20,452 basehttp "GET /bicicletas/ HTTP/1.1" 302 0
INFO 2026-10-01 23:47:20,476 basehttp "GET /bicicletas/ HTTP/1.1" 302 0
INFO 2026-10-01 23:47:20,488 basehttp "GET /bicicletas/ HTTP/1.1" 302 0
INFO 2026-10-01 23:47:20,501 basehttp "GET /bicicletas/ HTTP/1.1" 302 0
INFO 2026-10-01 23:47:20,515 basehttp "GET /bicicletas/ HTTP/1.1" 302 0
INFO 2026-10-01 23:47:20,530 basehttp "GET /bicicletas/ HTTP/1.1" 302 0
INFO 2026-10-01 23:47:20,543 basehttp "GET /bicicletas/ HTTP/1.1" 302 0
INFO 2026-10-01 23:47:20,554 basehttp "GET /bicicletas/ HTTP/1.1" 302 0
INFO 2026-10-01 23:47:20,567 basehttp "GET /bicicletas/ HTTP/1.1" 302 0
INFO 2026-10-01 23:47:20,580 basehttp "GET /bicicletas/ HTTP/1.1" 302 0
INFO 2026-10-01 23:47:20,593 basehttp "GET /bicicletas/ HTTP/1.1" 302 0
INFO 2026-10-01 23:47:20,610 basehttp "GET /bicicletas/ HTTP/1.1" 302 0
INFO 2026-10-01 23:47:20,622 basehttp "GET /bicicletas/ HTTP/1.1" 302 0
INFO 2026-10-01 23:47:20,634 basehttp "GET /bicicletas/ HTTP/1.1" 302 0
INFO 2026-10-01 23:47:22,263 basehttp "GET /login/ HTTP/1.1" 200 3775
WARNING 2026-10-01 23:47:24,003 log Not Found: /favicon.ico
WARNING 2026-10-01 23:47:24,004 basehttp "GET /favicon.ico HTTP/1.1" 404 3703
INFO 2026-10-01 23:47:30,818 basehttp "POST /login/ HTTP/1.1" 302 0
INFO 2026-10-01 23:47:30,829 basehttp "GET /bicicletas/ HTTP/1.1" 302 0
INFO 2026-10-01 23:47:30,837 basehttp "GET /bicicletas/ HTTP/1.1" 302 0
INFO 2026-10-01 23:47:30,848 basehttp "GET /bicicletas/ HTTP/1.1" 302 0
INFO 2026-10-01 23:47:30,860 basehttp "GET /bicicletas/ HTTP/1.1" 302 0
INFO 2026-10-01 23:47:30,868 basehttp "GET /bicicletas/ HTTP/1.1" 302 0
INFO 2026-10-01 23:47:30,878 basehttp "GET /bicicletas/ HTTP/1.1" 302 0
INFO 2026-10-01 23:47:30,887 basehttp "GET /bicicletas/ HTTP/1.1" 302 0
INFO 2026-10-01 23:47:30,896 basehttp "GET /bicicletas/ HTTP/1.1" 302 0
INFO 2026-10-01 23:47:30,904 basehttp "GET /bicicletas/ HTTP/1.1" 302 0
INFO 2026-10-01 23:47:30,914 basehttp "GET /bicicletas/ HTTP/1.1" 302 0
INFO 2026-10-01 23:47:30,923 basehttp "GET /bicicletas/ HTTP/1.1" 302 0
INFO 2026-10-01 23:47:30,934 basehttp "GET /bicicletas/ HTTP/1.1" 302 0
INFO 2026-10-01 23:47:30,944 basehttp "GET /bicicletas/ HTTP/1.1" 302 0
INFO 2026-10-01 23:47:30,952 basehttp "GET /bicicletas/ HTTP/1.1" 302 0
INFO 2026-10-01 23:47:30,962 basehttp "GET /bicicletas/ HTTP/1.1" 302 0
INFO 2026-10-01 23:47:30,970 basehttp "GET /bicicletas/ HTTP/1.1" 302 0
INFO 2026-10-01 23:47:30,980 basehttp "GET /bicicletas/ HTTP/1.1" 302 0
INFO 2026-10-01 23:47:30,989 basehttp "GET /bicicletas/ HTTP/1.1" 302 0
INFO 2026-10-01 23:47:30,999 basehttp "GET /bicicletas/ HTTP/1.1" 302 0
INFO 2026-10-01 23:47:32,061 basehttp "GET /bicicletas/ HTTP/1.1" 302 0
INFO 2026-10-01 23:47:32,071 basehttp "GET /bicicletas/ HTTP/1.1" 302 0
INFO 2026-10-01 23:47:32,082 basehttp "GET /bicicletas/ HTTP/1.1" 302 0
INFO 2026-10-01 23:47:32,095 basehttp "GET /bicicletas/ HTTP/1.1" 302 0
INFO 2026-10-01 23:47:32,104 basehttp "GET /bicicletas/ HTTP/1.1" 302 0
INFO 2026-10-01 23:47:32,115 basehttp "GET /bicicletas/ HTTP/1.1" 302 0
INFO 2026-10-01 23:47:32,125 basehttp "GET /bicicletas/ HTTP/1.1" 302 0
INFO 2026-10-01 23:47:32,133 basehttp "GET /bicicletas/ HTTP/1.1" 302 0
INFO 2026-10-01 23:47:32,143 basehttp "GET /bicicletas/ HTTP/1.1" 302 0
INFO 2026-10-01 23:47:32,152 basehttp "GET /bicicletas/ HTTP/1.1" 302 0
INFO 2026-10-01 23:47:32,162 basehttp "GET /bicicletas/ HTTP/1.1" 302 0
INFO 2026-10-01 23:47:32,171 basehttp "GET /bicicletas/ HTTP/1.1" 302 0
INFO 2026-10-01 23:47:32,182 basehttp "GET /bicicletas/ HTTP/1.1" 302 0
INFO 2026-10-01 23:47:32,194 basehttp "GET /bicicletas/ HTTP/1.1" 302 0
INFO 2026-10-01 23:47:32,203 basehttp "GET /bicicletas/ HTTP/1.1" 302 0
INFO 2026-10-01 23:47:32,218 basehttp "GET /bicicletas/ HTTP/1.1" 302 0
INFO 2026-10-01 23:47:32,233 basehttp "GET /bicicletas/ HTTP/1.1" 302 0
INFO 2026-10-01 23:47:32,244 basehttp "GET /bicicletas/ HTTP/1.1" 302 0
INFO 2026-10-01 23:47:32,254 basehttp "GET /bicicletas/ HTTP/1.1" 302 0
INFO 2026-10-01 23:47:32,266 basehttp "GET /bicicletas/ HTTP/1.1" 302 0
INFO 2026-10-01 23:47:37,311 basehttp "GET /bicicletas/ HTTP/1.1" 302 0
INFO 2026-10-01 23:47:37,323 basehttp "GET /bicicletas/ HTTP/1.1" 302 0
INFO 2026-10-01 23:47:37,335 basehttp "GET /bicicletas/ HTTP/1.1" 302 0
INFO 2026-10-01 23:47:37,349 basehttp "GET /bicicletas/ HTTP/1.1" 302 0
INFO 2026-10-01 23:47:37,362 basehttp "GET /bicicletas/ HTTP/1.1" 302 0
INFO 2026-10-01 23:47:37,377 basehttp "GET /bicicletas/ HTTP/1.1" 302 0
INFO 2026-10-01 23:47:37,386 basehttp "GET /bicicletas/ HTTP/1.1" 302 0
INFO 2026-10-01 23:47:37,397 basehttp "GET /bicicletas/ HTTP/1.1" 302 0
INFO 2026-10-01 23:47:37,412 basehttp "GET /bicicletas/ HTTP/1.1" 302 0
INFO 2026-10-01 23:47:37,421 basehttp "GET /bicicletas/ HTTP/1.1" 302 0
INFO 2026-10-01 23:47:37,431 basehttp "GET /bicicletas/ HTTP/1.1" 302 0
INFO 2026-10-01 23:47:37,441 basehttp "GET /bicicletas/ HTTP/1.1" 302 0
INFO 2026-10-01 23:47:37,450 basehttp "GET /bicicletas/ HTTP/1.1" 302 0
INFO 2026-10-01 23:47:37,461 basehttp "GET /bicicletas/ HTTP/1.1" 302 0
INFO 2026-10-01 23:47:37,470 basehttp "GET /bicicletas/ HTTP/1.1" 302 0
INFO 2026-10-01 23:47:37,482 basehttp "GET /bicicletas/ HTTP/1.1" 302 0
INFO 2026-10-01 23:47:37,533 basehttp "GET /bicicletas/ HTTP/1.1" 302 0
INFO 2026-10-01 23:47:37,562 basehttp "GET /bicicletas/ HTTP/1.1" 302 0
INFO 2026-10-01 23:47:37,580 basehttp "GET /bicicletas/ HTTP/1.1" 302 0
INFO 2026-10-01 23:47:37,630 basehttp "GET /bicicletas/ HTTP/1.1" 302 0
INFO 2026-10-01 23:54:10,141 autoreload Watching for file changes with StatReloader
INFO 2026-10-01 23:54:25,498 basehttp "GET /bicicletas/ HTTP/1.1" 302 0
INFO 2026-10-01 23:54:25,511 basehttp "GET /bicicletas/ HTTP/1.1" 302 0
INFO 2026-10-01 23:54:25,526 basehttp "GET /bicicletas/ HTTP/1.1" 302 0
INFO 2026-10-01 23:54:25,540 basehttp "GET /bicicletas/ HTTP/1.1" 302 0
INFO 2026-10-01 23:54:25,552 basehttp "GET /bicicletas/ HTTP/1.1" 302 0
INFO 2026-10-01 23:54:25,562 basehttp "GET /bicicletas/ HTTP/1.1" 302 0
INFO 2026-10-01 23:54:25,572 basehttp "GET /bicicletas/ HTTP/1.1" 302 0
INFO 2026-10-01 23:54:25,589 basehttp "GET /bicicletas/ HTTP/1.1" 302 0
INFO 2026-10-01 23:54:25,609 basehttp "GET /bicicletas/ HTTP/1.1" 302 0
INFO 2026-10-01 23:54:25,619 basehttp "GET /bicicletas/ HTTP/1.1" 302 0
INFO 2026-10-01 23:54:25,630 basehttp "GET /bicicletas/ HTTP/1.1" 302 0
INFO 2026-10-01 23:54:25,639 basehttp "GET /bicicletas/ HTTP/1.1" 302 0
INFO 2026-10-01 23:54:25,650 basehttp "GET /bicicletas/ HTTP/1.1" 302 0
INFO 2026-10-01 23:54:25,661 basehttp "GET /bicicletas/ HTTP/1.1" 302 0
INFO 2026-10-01 23:54:25,672 basehttp "GET /bicicletas/ HTTP/1.1" 302 0
INFO 2026-10-01 23:54:25,681 basehttp "GET /bicicletas/ HTTP/1.1" 302 0
INFO 2026-10-01 23:54:25,694 basehttp "GET /bicicletas/ HTTP/1.1" 302 0
INFO 2026-10-01 23:54:25,705 basehttp "GET /bicicletas/ HTTP/1.1" 302 0
INFO 2026-10-01 23:54:25,715 basehttp "GET /bicicletas/ HTTP/1.1" 302 0
INFO 2026-10-01 23:54:25,727 basehttp "GET /bicicletas/ HTTP/1.1" 302 0
INFO 2026-10-01 23:54:30,952 basehttp "GET / HTTP/1.1" 302 0
INFO 2026-10-01 23:54:30,973 basehttp "GET /bicicletas/ HTTP/1.1" 302 0
INFO 2026-10-01 23:54:30,991 basehttp "GET /bicicletas/ HTTP/1.1" 302 0
INFO 2026-10-01 23:54:31,005 basehttp "GET /bicicletas/ HTTP/1.1" 302 0
INFO 2026-10-01 23:54:31,019 basehttp "GET /bicicletas/ HTTP/1.1" 302 0
INFO 2026-10-01 23:54:31,031 basehttp "GET /bicicletas/ HTTP/1.1" 302 0
INFO 2026-10-01 23:54:31,048 basehttp "GET /bicicletas/ HTTP/1.1" 302 0
INFO 2026-10-01 23:54:31,061 basehttp "GET /bicicletas/ HTTP/1.1" 302 0
INFO 2026-10-01 23:54:31,076 basehttp "GET /bicicletas/ HTTP/1.1" 302 0
INFO 2026-10-01 23:54:31,092 basehttp "GET /bicicletas/ HTTP/1.1" 302 0
INFO 2026-10-01 23:54:31,104 basehttp "GET /bicicletas/ HTTP/1.1" 302 0
INFO 2026-10-01 23:54:31,115 basehttp "GET /bicicletas/ HTTP/1.1" 302 0
INFO 2026-10-01 23:54:31,126 basehttp "GET /bicicletas/ HTTP/1.1" 302 0
INFO 2026-10-01 23:54:31,137 basehttp "GET /bicicletas/ HTTP/1.1" 302 0
INFO 2026-10-01 23:54:31,148 basehttp "GET /bicicletas/ HTTP/1.1" 302 0
INFO 2026-10-01 23:54:31,157 basehttp "GET /bicicletas/ HTTP/1.1" 302 0
INFO 2026-10-01 23:54:31,170 basehttp "GET /bicicletas/ HTTP/1.1" 302 0
INFO 2026-10-01 23:54:31,178 basehttp "GET /bicicletas/ HTTP/1.1" 302 0
INFO 2026-10-01 23:54:31,189 basehttp "GET /bicicletas/ HTTP/1.1" 302 0
INFO 2026-10-01 23:54:31,199 basehttp "GET /bicicletas/ HTTP/1.1" 302 0
INFO 2026-10-01 23:54:33,669 basehttp "GET /login/ HTTP/1.1" 200 3775
INFO 2026-10-01 23:54:40,447 basehttp "POST /login/ HTTP/1.1" 302 0
INFO 2026-10-01 23:54:40,458 basehttp "GET /bicicletas/ HTTP/1.1" 302 0
INFO 2026-10-01 23:54:40,467 basehttp "GET /bicicletas/ HTTP/1.1" 302 0
INFO 2026-10-01 23:54:40,475 basehttp "GET /bicicletas/ HTTP/1.1" 302 0
INFO 2026-10-01 23:54:40,484 basehttp "GET /bicicletas/ HTTP/1.1" 302 0
INFO 2026-10-01 23:54:40,493 basehttp "GET /bicicletas/ HTTP/1.1" 302 0
INFO 2026-10-01 23:54:40,501 basehttp "GET /bicicletas/ HTTP/1.1" 302 0
INFO 2026-10-01 23:54:40,509 basehttp "GET /bicicletas/ HTTP/1.1" 302 0
INFO 2026-10-01 23:54:40,517 basehttp "GET /bicicletas/ HTTP/1.1" 302 0
INFO 2026-10-01 23:54:40,525 basehttp "GET /bicicletas/ HTTP/1.1" 302 0
INFO 2026-10-01 23:54:40,533 basehttp "GET /bicicletas/ HTTP/1.1" 302 0
INFO 2026-10-01 23:54:40,541 basehttp "GET /bicicletas/ HTTP/1.1" 302 0
INFO 2026-10-01 23:54:40,554 basehttp "GET /bicicletas/ HTTP/1.1" 302 0
INFO 2026-10-01 23:54:40,562 basehttp "GET /bicicletas/ HTTP/1.1" 302 0
INFO 2026-10-01 23:54:40,570 basehttp "GET /bicicletas/ HTTP/1.1" 302 0
INFO 2026-10-01 23:54:40,579 basehttp "GET /bicicletas/ HTTP/1.1" 302 0
INFO 2026-10-01 23:54:40,590 basehttp "GET /bicicletas/ HTTP/1.1" 302 0
INFO 2026-10-01 23:54:40,599 basehttp "GET /bicicletas/ HTTP/1.1" 302 0
INFO 2026-10-01 23:54:40,609 basehttp "GET /bicicletas/ HTTP/1.1" 302 0
INFO 2026-10-01 23:54:40,620 basehttp "GET /bicicletas/ HTTP/1.1" 302 0
INFO 2026-10-01 23:54:41,676 basehttp "GET /bicicletas/ HTTP/1.1" 302 0
INFO 2026-10-01 23:54:41,690 basehttp "GET /bicicletas/ HTTP/1.1" 302 0
INFO 2026-10-01 23:54:41,702 basehttp "GET /bicicletas/ HTTP/1.1" 302 0
INFO 2026-10-01 23:54:41,712 basehttp "GET /bicicletas/ HTTP/1.1" 302 0
INFO 2026-10-01 23:54:41,727 basehttp "GET /bicicletas/ HTTP/1.1" 302 0
INFO 2026-10-01 23:54:41,738 basehttp "GET /bicicletas/ HTTP/1.1" 302 0
INFO 2026-10-01 23:54:41,749 basehttp "GET /bicicletas/ HTTP/1.1" 302 0
INFO 2026-10-01 23:54:41,760 basehttp "GET /bicicletas/ HTTP/1.1" 302 0
INFO 2026-10-01 23:54:41,772 basehttp "GET /bicicletas/ HTTP/1.1" 302 0
INFO 2026-10-01 23:54:41,785 basehttp "GET /bicicletas/ HTTP/1.1" 302 0
INFO 2026-10-01 23:54:41,802 basehttp "GET /bicicletas/ HTTP/1.1" 302 0
INFO 2026-10-01 23:54:41,818 basehttp "GET /bicicletas/ HTTP/1.1" 302 0
INFO 2026-10-01 23:54:41,828 basehttp "GET /bicicletas/ HTTP/1.1" 302 0
INFO 2026-10-01 23:54:41,839 basehttp "GET /bicicletas/ HTTP/1.1" 302 0
INFO 2026-10-01 23:54:41,853 basehttp "GET /bicicletas/ HTTP/1.1" 302 0
INFO 2026-10-01 23:54:41,869 basehttp "GET /bicicletas/ HTTP/1.1" 302 0
INFO 2026-10-01 23:54:41,887 basehttp "GET /bicicletas/ HTTP/1.1" 302 0
INFO 2026-10-01 23:54:41,898 basehttp "GET /bicicletas/ HTTP/1.1" 302 0
INFO 2026-10-01 23:54:41,912 basehttp "GET /bicicletas/ HTTP/1.1" 302 0
INFO 2026-10-01 23:54:41,923 basehttp "GET /bicicletas/ HTTP/1.1" 302 0
INFO 2026-10-01 23:54:46,965 basehttp "GET /bicicletas/ HTTP/1.1" 302 0
INFO 2026-10-01 23:54:48,097 basehttp "GET /bicicletas/ HTTP/1.1" 302 0
INFO 2026-10-01 23:54:48,107 basehttp "GET /bicicletas/ HTTP/1.1" 302 0
INFO 2026-10-01 23:54:48,115 basehttp "GET /bicicletas/ HTTP/1.1" 302 0
INFO 2026-10-01 23:54:48,127 basehttp "GET /bicicletas/ HTTP/1.1" 302 0
INFO 2026-10-01 23:54:48,139 basehttp "GET /bicicletas/ HTTP/1.1" 302 0
INFO 2026-10-01 23:54:48,147 basehttp "GET /bicicletas/ HTTP/1.1" 302 0
INFO 2026-10-01 23:54:48,158 basehttp "GET /bicicletas/ HTTP/1.1" 302 0
INFO 2026-10-01 23:54:48,168 basehttp "GET /bicicletas/ HTTP/1.1" 302 0
INFO 2026-10-01 23:54:48,177 basehttp "GET /bicicletas/ HTTP/1.1" 302 0
INFO 2026-10-01 23:54:48,188 basehttp "GET /bicicletas/ HTTP/1.1" 302 0
INFO 2026-10-01 23:54:48,197 basehttp "GET /bicicletas/ HTTP/1.1" 302 0
INFO 2026-10-01 23:54:48,209 basehttp "GET /bicicletas/ HTTP/1.1" 302 0
INFO 2026-10-01 23:54:48,221 basehttp "GET /bicicletas/ HTTP/1.1" 302 0
INFO 2026-10-01 23:54:48,229 basehttp "GET /bicicletas/ HTTP/1.1" 302 0
INFO 2026-10-01 23:54:48,239 basehttp "GET /bicicletas/ HTTP/1.1" 302 0
INFO 2026-10-01 23:54:48,247 basehttp "GET /bicicletas/ HTTP/1.1" 302 0
INFO 2026-10-01 23:54:48,257 basehttp "GET /bicicletas/ HTTP/1.1" 302 0
INFO 2026-10-01 23:54:48,265 basehttp "GET /bicicletas/ HTTP/1.1" 302 0
INFO 2026-10-01 23:54:48,275 basehttp "GET /bicicletas/ HTTP/1.1" 302 0
INFO 2026-10-01 23:57:10,348 autoreload Watching for file changes with StatReloader
INFO 2026-10-01 23:57:14,627 basehttp "GET /login/ HTTP/1.1" 200 3775
WARNING 2026-10-01 23:57:14,939 log Not Found: /.well-known/appspecific/com.chrome.devtools.json
WARNING 2026-10-01 23:57:14,946 basehttp "GET /.well-known/appspecific/com.chrome.devtools.json HTTP/1.1" 404 3814
INFO 2026-10-01 23:57:39,718 basehttp "POST /login/ HTTP/1.1" 302 0
INFO 2026-10-01 23:57:39,733 basehttp "GET /bicicletas/ HTTP/1.1" 302 0
INFO 2026-10-01 23:57:39,754 basehttp "GET /bicicletas/ HTTP/1.1" 302 0
INFO 2026-10-01 23:57:39,772 basehttp "GET /bicicletas/ HTTP/1.1" 302 0
INFO 2026-10-01 23:57:39,790 basehttp "GET /bicicletas/ HTTP/1.1" 302 0
INFO 2026-10-01 23:57:39,808 basehttp "GET /bicicletas/ HTTP/1.1" 302 0
INFO 2026-10-01 23:57:39,823 basehttp "GET /bicicletas/ HTTP/1.1" 302 0
INFO 2026-10-01 23:57:39,840 basehttp "GET /bicicletas/ HTTP/1.1" 302 0
INFO 2026-10-01 23:57:39,857 basehttp "GET /bicicletas/ HTTP/1.1" 302 0
INFO 2026-10-01 23:57:39,872 basehttp "GET /bicicletas/ HTTP/1.1" 302 0
INFO 2026-10-01 23:57:39,889 basehttp "GET /bicicletas/ HTTP/1.1" 302 0
INFO 2026-10-01 23:57:39,907 basehttp "GET /bicicletas/ HTTP/1.1" 302 0
INFO 2026-10-01 23:57:39,924 basehttp "GET /bicicletas/ HTTP/1.1" 302 0
INFO 2026-10-01 23:57:39,940 basehttp "GET /bicicletas/ HTTP/1.1" 302 0
INFO 2026-10-01 23:57:39,955 basehttp "GET /bicicletas/ HTTP/1.1" 302 0
INFO 2026-10-01 23:57:39,972 basehttp "GET /bicicletas/ HTTP/1.1" 302 0
INFO 2026-10-01 23:57:39,990 basehttp "GET /bicicletas/ HTTP/1.1" 302 0
INFO 2026-10-01 23:57:40,005 basehttp "GET /bicicletas/ HTTP/1.1" 302 0
INFO 2026-10-01 23:57:40,026 basehttp "GET /bicicletas/ HTTP/1.1" 302 0
INFO 2026-10-01 23:57:40,049 basehttp "GET /bicicletas/ HTTP/1.1" 302 0
INFO 2026-10-01 23:57:41,125 basehttp "GET /bicicletas/ HTTP/1.1" 302 0
INFO 2026-10-01 23:57:41,149 basehttp "GET /bicicletas/ HTTP/1.1" 302 0
INFO 2026-10-01 23:57:41,159 basehttp "GET /bicicletas/ HTTP/1.1" 302 0
INFO 2026-10-01 23:57:41,174 basehttp "GET /bicicletas/ HTTP/1.1" 302 0
INFO 2026-10-01 23:57:41,192 basehttp "GET /bicicletas/ HTTP/1.1" 302 0
INFO 2026-10-01 23:57:41,208 basehttp "GET /bicicletas/ HTTP/1.1" 302 0
INFO 2026-10-01 23:57:41,225 basehttp "GET /bicicletas/ HTTP/1.1" 302 0
INFO 2026-10-01 23:57:41,243 basehttp "GET /bicicletas/ HTTP/1.1" 302 0
INFO 2026-10-01 23:57:41,261 basehttp "GET /bicicletas/ HTTP/1.1" 302 0
INFO 2026-10-01 23:57:41,277 basehttp "GET /bicicletas/ HTTP/1.1" 302 0
INFO 2026-10-01 23:57:41,292 basehttp "GET /bicicletas/ HTTP/1.1" 302 0
INFO 2026-10-01 23:57:41,308 basehttp "GET /bicicletas/ HTTP/1.1" 302 0
INFO 2026-10-01 23:57:41,327 basehttp "GET /bicicletas/ HTTP/1.1" 302 0
INFO 2026-10-01 23:57:41,343 basehttp "GET /bicicletas/ HTTP/1.1" 302 0
INFO 2026-10-01 23:57:41,358 basehttp "GET /bicicletas/ HTTP/1.1" 302 0
INFO 2026-10-01 23:57:41,374 basehttp "GET /bicicletas/ HTTP/1.1" 302 0
INFO 2026-10-01 23:57:41,390 basehttp "GET /bicicletas/ HTTP/1.1" 302 0
INFO 2026-10-01 23:57:41,406 basehttp "GET /bicicletas/ HTTP/1.1" 302 0
INFO 2026-10-01 23:57:41,424 basehttp "GET /bicicletas/ HTTP/1.1" 302 0
INFO 2026-10-01 23:57:41,442 basehttp "GET /bicicletas/ HTTP/1.1" 302 0
INFO 2026-10-01 23:57:46,523 basehttp "GET /bicicletas/ HTTP/1.1" 302 0
INFO 2026-10-01 23:57:46,540 basehttp "GET /bicicletas/ HTTP/1.1" 302 0
INFO 2026-10-01 23:57:46,566 basehttp "GET /bicicletas/ HTTP/1.1" 302 0
INFO 2026-10-01 23:57:46,590 basehttp "GET /bicicletas/ HTTP/1.1" 302 0
INFO 2026-10-01 23:57:46,607 basehttp "GET /bicicletas/ HTTP/1.1" 302 0
INFO 2026-10-01 23:57:46,624 basehttp "GET /bicicletas/ HTTP/1.1" 302 0
INFO 2026-10-01 23:57:46,641 basehttp "GET /bicicletas/ HTTP/1.1" 302 0
INFO 2026-10-01 23:57:46,658 basehttp "GET /bicicletas/ HTTP/1.1" 302 0
INFO 2026-10-01 23:57:46,678 basehttp "GET /bicicletas/ HTTP/1.1" 302 0
INFO 2026-10-01 23:57:46,695 basehttp "GET /bicicletas/ HTTP/1.1" 302 0
INFO 2026-10-01 23:57:46,710 basehttp "GET /bicicletas/ HTTP/1.1" 302 0
INFO 2026-10-01 23:57:46,727 basehttp "GET /bicicletas/ HTTP/1.1" 302 0
INFO 2026-10-01 23:57:46,781 basehttp "GET /bicicletas/ HTTP/1.1" 302 0
INFO 2026-10-01 23:57:46,817 basehttp "GET /bicicletas/ HTTP/1.1" 302 0
INFO 2026-10-01 23:57:46,836 basehttp "GET /bicicletas/ HTTP/1.1" 302 0
INFO 2026-10-01 23:57:46,852 basehttp "GET /bicicletas/ HTTP/1.1" 302 0
INFO 2026-10-01 23:57:46,866 basehttp "GET /bicicletas/ HTTP/1.1" 302 0
INFO 2026-10-01 23:57:46,886 basehttp "GET /bicicletas/ HTTP/1.1" 302 0
INFO 2026-10-01 23:57:46,902 basehttp "GET /bicicletas/ HTTP/1.1" 302 0
INFO 2026-10-01 23:57:46,917 basehttp "GET /bicicletas/ HTTP/1.1" 302 0
INFO 2026-10-01 23:58:39,258 basehttp "GET /bicicletas/ HTTP/1.1" 302 0
INFO 2026-10-01 23:58:39,289 basehttp "GET /bicicletas/ HTTP/1.1" 302 0
INFO 2026-10-01 23:58:39,308 basehttp "GET /bicicletas/ HTTP/1.1" 302 0
INFO 2026-10-01 23:58:39,328 basehttp "GET /bicicletas/ HTTP/1.1" 302 0
INFO 2026-10-01 23:58:39,346 basehttp "GET /bicicletas/ HTTP/1.1" 302 0
INFO 2026-10-01 23:58:39,363 basehttp "GET /bicicletas/ HTTP/1.1" 302 0
INFO 2026-10-01 23:58:39,381 basehttp "GET /bicicletas/ HTTP/1.1" 302 0
INFO 2026-10-01 23:58:39,403 basehttp "GET /bicicletas/ HTTP/1.1" 302 0
INFO 2026-10-01 23:58:39,419 basehttp "GET /bicicletas/ HTTP/1.1" 302 0
INFO 2026-10-01 23:58:39,480 basehttp "GET /bicicletas/ HTTP/1.1" 302 0
INFO 2026-10-01 23:58:39,508 basehttp "GET /bicicletas/ HTTP/1.1" 302 0
INFO 2026-10-01 23:58:39,522 basehttp "GET /bicicletas/ HTTP/1.1" 302 0
INFO 2026-10-01 23:58:39,538 basehttp "GET /bicicletas/ HTTP/1.1" 302 0
INFO 2026-10-01 23:58:39,555 basehttp "GET /bicicletas/ HTTP/1.1" 302 0
INFO 2026-10-01 23:58:39,574 basehttp "GET /bicicletas/ HTTP/1.1" 302 0
INFO 2026-10-01 23:58:39,591 basehttp "GET /bicicletas/ HTTP/1.1" 302 0
INFO 2026-10-01 23:58:39,608 basehttp "GET /bicicletas/ HTTP/1.1" 302 0
INFO 2026-10-01 23:58:39,624 basehttp "GET /bicicletas/ HTTP/1.1" 302 0
INFO 2026-10-01 23:58:39,641 basehttp "GET /bicicletas/ HTTP/1.1" 302 0
INFO 2026-10-01 23:58:39,659 basehttp "GET /bicicletas/ HTTP/1.1" 302 0
INFO 2026-10-01 23:58:49,381 basehttp "GET /bicicletas/ HTTP/1.1" 302 0
INFO 2026-10-01 23:58:49,481 basehttp "GET /bicicletas/ HTTP/1.1" 302 0
INFO 2026-10-01 23:58:49,498 basehttp "GET /bicicletas/ HTTP/1.1" 302 0
INFO 2026-10-01 23:58:49,514 basehttp "GET /bicicletas/ HTTP/1.1" 302 0
INFO 2026-10-01 23:58:49,537 basehttp "GET /bicicletas/ HTTP/1.1" 302 0
INFO 2026-10-01 23:58:49,553 basehttp "GET /bicicletas/ HTTP/1.1" 302 0
INFO 2026-10-01 23:58:49,568 basehttp "GET /bicicletas/ HTTP/1.1" 302 0
INFO 2026-10-01 23:58:49,590 basehttp "GET /bicicletas/ HTTP/1.1" 302 0
INFO 2026-10-01 23:58:49,609 basehttp "GET /bicicletas/ HTTP/1.1" 302 0
INFO 2026-10-01 23:58:49,630 basehttp "GET /bicicletas/ HTTP/1.1" 302 0
INFO 2026-10-01 23:58:49,647 basehttp "GET /bicicletas/ HTTP/1.1" 302 0
INFO 2026-10-01 23:58:49,661 basehttp "GET /bicicletas/ HTTP/1.1" 302 0
INFO 2026-10-01 23:58:49,680 basehttp "GET /bicicletas/ HTTP/1.1" 302 0
INFO 2026-10-01 23:58:49,696 basehttp "GET /bicicletas/ HTTP/1.1" 302 0
INFO 2026-10-01 23:58:49,711 basehttp "GET /bicicletas/ HTTP/1.1" 302 0
INFO 2026-10-01 23:58:49,728 basehttp "GET /bicicletas/ HTTP/1.1" 302 0
INFO 2026-10-01 23:58:49,748 basehttp "GET /bicicletas/ HTTP/1.1" 302 0
INFO 2026-10-01 23:58:49,765 basehttp "GET /bicicletas/ HTTP/1.1" 302 0
INFO 2026-10-01 23:58:49,795 basehttp "GET /bicicletas/ HTTP/1.1" 302 0
INFO 2026-10-01 23:58:49,826 basehttp "GET /bicicletas/ HTTP/1.1" 302 0
INFO 2026-10-02 00:04:24,778 basehttp "GET /login/ HTTP/1.1" 200 3427
INFO 2026-10-02 00:04:30,475 basehttp "POST /login/ HTTP/1.1" 302 0
INFO 2026-10-02 00:04:30,486 basehttp "GET /bicicletas/ HTTP/1.1" 302 0
INFO 2026-10-02 00:04:30,496 basehttp "GET /bicicletas/ HTTP/1.1" 302 0
INFO 2026-10-02 00:04:30,505 basehttp "GET /bicicletas/ HTTP/1.1" 302 0
INFO 2026-10-02 00:04:30,516 basehttp "GET /bicicletas/ HTTP/1.1" 302 0
INFO 2026-10-02 00:04:30,529 basehttp "GET /bicicletas/ HTTP/1.1" 302 0
INFO 2026-10-02 00:04:30,537 basehttp "GET /bicicletas/ HTTP/1.1" 302 0
INFO 2026-10-02 00:04:30,545 basehttp "GET /bicicletas/ HTTP/1.1" 302 0
INFO 2026-10-02 00:04:30,558 basehttp "GET /bicicletas/ HTTP/1.1" 302 0
INFO 2026-10-02 00:04:30,566 basehttp "GET /bicicletas/ HTTP/1.1" 302 0
INFO 2026-10-02 00:04:30,575 basehttp "GET /bicicletas/ HTTP/1.1" 302 0
INFO 2026-10-02 00:04:30,583 basehttp "GET /bicicletas/ HTTP/1.1" 302 0
INFO 2026-10-02 00:04:30,593 basehttp "GET /bicicletas/ HTTP/1.1" 302 0
INFO 2026-10-02 00:04:30,602 basehttp "GET /bicicletas/ HTTP/1.1" 302 0
INFO 2026-10-02 00:04:30,610 basehttp "GET /bicicletas/ HTTP/1.1" 302 0
INFO 2026-10-02 00:04:30,619 basehttp "GET /bicicletas/ HTTP/1.1" 302 0
INFO 2026-10-02 00:04:30,628 basehttp "GET /bicicletas/ HTTP/1.1" 302 0
INFO 2026-10-02 00:04:30,636 basehttp "GET /bicicletas/ HTTP/1.1" 302 0
INFO 2026-10-02 00:04:30,645 basehttp "GET /bicicletas/ HTTP/1.1" 302 0
INFO 2026-10-02 00:04:30,653 basehttp "GET /bicicletas/ HTTP/1.1" 302 0
INFO 2026-10-02 00:04:31,930 basehttp "GET /bicicletas/ HTTP/1.1" 302 0
INFO 2026-10-02 00:04:31,945 basehttp "GET /bicicletas/ HTTP/1.1" 302 0
INFO 2026-10-02 00:04:31,959 basehttp "GET /bicicletas/ HTTP/1.1" 302 0
INFO 2026-10-02 00:04:31,978 basehttp "GET /bicicletas/ HTTP/1.1" 302 0
INFO 2026-10-02 00:04:31,993 basehttp "GET /bicicletas/ HTTP/1.1" 302 0
INFO 2026-10-02 00:04:32,008 basehttp "GET /bicicletas/ HTTP/1.1" 302 0
INFO 2026-10-02 00:04:32,020 basehttp "GET /bicicletas/ HTTP/1.1" 302 0
INFO 2026-10-02 00:04:32,038 basehttp "GET /bicicletas/ HTTP/1.1" 302 0
INFO 2026-10-02 00:04:32,061 basehttp "GET /bicicletas/ HTTP/1.1" 302 0
INFO 2026-10-02 00:04:32,071 basehttp "GET /bicicletas/ HTTP/1.1" 302 0
INFO 2026-10-02 00:04:32,087 basehttp "GET /bicicletas/ HTTP/1.1" 302 0
INFO 2026-10-02 00:04:32,102 basehttp "GET /bicicletas/ HTTP/1.1" 302 0
INFO 2026-10-02 00:04:32,116 basehttp "GET /bicicletas/ HTTP/1.1" 302 0
INFO 2026-10-02 00:04:32,129 basehttp "GET /bicicletas/ HTTP/1.1" 302 0
INFO 2026-10-02 00:04:32,137 basehttp "GET /bicicletas/ HTTP/1.1" 302 0
INFO 2026-10-02 00:04:32,148 basehttp "GET /bicicletas/ HTTP/1.1" 302 0
INFO 2026-10-02 00:04:32,160 basehttp "GET /bicicletas/ HTTP/1.1" 302 0
INFO 2026-10-02 00:04:32,168 basehttp "GET /bicicletas/ HTTP/1.1" 302 0
INFO 2026-10-02 00:04:32,178 basehttp "GET /bicicletas/ HTTP/1.1" 302 0
INFO 2026-10-02 00:04:32,186 basehttp "GET /bicicletas/ HTTP/1.1" 302 0
INFO 2026-10-02 00:05:27,136 basehttp "GET /login HTTP/1.1" 301 0
INFO 2026-10-02 00:05:27,158 basehttp "GET /login/ HTTP/1.1" 200 3775
INFO 2026-10-02 00:05:34,113 basehttp "POST /login/ HTTP/1.1" 302 0
INFO 2026-10-02 00:05:34,123 basehttp "GET /bicicletas/ HTTP/1.1" 302 0
INFO 2026-10-02 00:05:34,134 basehttp "GET /bicicletas/ HTTP/1.1" 302 0
INFO 2026-10-02 00:05:34,145 basehttp "GET /bicicletas/ HTTP/1.1" 302 0
INFO 2026-10-02 00:05:34,156 basehttp "GET /bicicletas/ HTTP/1.1" 302 0
INFO 2026-10-02 00:05:34,166 basehttp "GET /bicicletas/ HTTP/1.1" 302 0
INFO 2026-10-02 00:05:34,181 basehttp "GET /bicicletas/ HTTP/1.1" 302 0
INFO 2026-10-02 00:05:34,198 basehttp "GET /bicicletas/ HTTP/1.1" 302 0
INFO 2026-10-02 00:05:34,208 basehttp "GET /bicicletas/ HTTP/1.1" 302 0
INFO 2026-10-02 00:05:34,218 basehttp "GET /bicicletas/ HTTP/1.1" 302 0
INFO 2026-10-02 00:05:34,230 basehttp "GET /bicicletas/ HTTP/1.1" 302 0
INFO 2026-10-02 00:05:34,239 basehttp "GET /bicicletas/ HTTP/1.1" 302 0
INFO 2026-10-02 00:05:34,251 basehttp "GET /bicicletas/ HTTP/1.1" 302 0
INFO 2026-10-02 00:05:34,262 basehttp "GET /bicicletas/ HTTP/1.1" 302 0
INFO 2026-10-02 00:05:34,273 basehttp "GET /bicicletas/ HTTP/1.1" 302 0
INFO 2026-10-02 00:05:34,284 basehttp "GET /bicicletas/ HTTP/1.1" 302 0
INFO 2026-10-02 00:05:34,297 basehttp "GET /bicicletas/ HTTP/1.1" 302 0
INFO 2026-10-02 00:05:34,307 basehttp "GET /bicicletas/ HTTP/1.1" 302 0
INFO 2026-10-02 00:05:34,319 basehttp "GET /bicicletas/ HTTP/1.1" 302 0
INFO 2026-10-02 00:05:34,332 basehttp "GET /bicicletas/ HTTP/1.1" 302 0
INFO 2026-10-02 00:05:35,391 basehttp "GET /bicicletas/ HTTP/1.1" 302 0
INFO 2026-10-02 00:05:35,403 basehttp "GET /bicicletas/ HTTP/1.1" 302 0
INFO 2026-10-02 00:05:35,414 basehttp "GET /bicicletas/ HTTP/1.1" 302 0
INFO 2026-10-02 00:05:35,424 basehttp "GET /bicicletas/ HTTP/1.1" 302 0
INFO 2026-10-02 00:05:35,438 basehttp "GET /bicicletas/ HTTP/1.1" 302 0
INFO 2026-10-02 00:05:35,452 basehttp "GET /bicicletas/ HTTP/1.1" 302 0
INFO 2026-10-02 00:05:35,463 basehttp "GET /bicicletas/ HTTP/1.1" 302 0
INFO 2026-10-02 00:05:35,475 basehttp "GET /bicicletas/ HTTP/1.1" 302 0
INFO 2026-10-02 00:05:35,487 basehttp "GET /bicicletas/ HTTP/1.1" 302 0
INFO 2026-10-02 00:05:35,499 basehttp "GET /bicicletas/ HTTP/1.1" 302 0
INFO 2026-10-02 00:05:35,509 basehttp "GET /bicicletas/ HTTP/1.1" 302 0
INFO 2026-10-02 00:05:35,520 basehttp "GET /bicicletas/ HTTP/1.1" 302 0
INFO 2026-10-02 00:05:35,532 basehttp "GET /bicicletas/ HTTP/1.1" 302 0
INFO 2026-10-02 00:05:35,541 basehttp "GET /bicicletas/ HTTP/1.1" 302 0
INFO 2026-10-02 00:05:35,551 basehttp "GET /bicicletas/ HTTP/1.1" 302 0
INFO 2026-10-02 00:05:35,560 basehttp "GET /bicicletas/ HTTP/1.1" 302 0
INFO 2026-10-02 00:05:35,571 basehttp "GET /bicicletas/ HTTP/1.1" 302 0
INFO 2026-10-02 00:05:35,582 basehttp "GET /bicicletas/ HTTP/1.1" 302 0
INFO 2026-10-02 00:05:35,591 basehttp "GET /bicicletas/ HTTP/1.1" 302 0
INFO 2026-10-02 00:05:35,601 basehttp "GET /bicicletas/ HTTP/1.1" 302 0
INFO 2026-10-02 00:05:35,928 basehttp "GET /bicicletas/ HTTP/1.1" 302 0
INFO 2026-10-02 00:05:35,942 basehttp "GET /bicicletas/ HTTP/1.1" 302 0
INFO 2026-10-02 00:05:35,956 basehttp "GET /bicicletas/ HTTP/1.1" 302 0
INFO 2026-10-02 00:05:35,970 basehttp "GET /bicicletas/ HTTP/1.1" 302 0
INFO 2026-10-02 00:05:35,985 basehttp "GET /bicicletas/ HTTP/1.1" 302 0
INFO 2026-10-02 00:05:35,997 basehttp "GET /bicicletas/ HTTP/1.1" 302 0
INFO 2026-10-02 00:05:36,007 basehttp "GET /bicicletas/ HTTP/1.1" 302 0
INFO 2026-10-02 00:05:36,018 basehttp "GET /bicicletas/ HTTP/1.1" 302 0
INFO 2026-10-02 00:05:36,030 basehttp "GET /bicicletas/ HTTP/1.1" 302 0
INFO 2026-10-02 00:05:36,041 basehttp "GET /bicicletas/ HTTP/1.1" 302 0
INFO 2026-10-02 00:05:36,054 basehttp "GET /bicicletas/ HTTP/1.1" 302 0
INFO 2026-10-02 00:05:36,095 basehttp "GET /bicicletas/ HTTP/1.1" 302 0
INFO 2026-10-02 00:05:36,105 basehttp "GET /bicicletas/ HTTP/1.1" 302 0
INFO 2026-10-02 00:05:36,116 basehttp "GET /bicicletas/ HTTP/1.1" 302 0
INFO 2026-10-02 00:05:36,131 basehttp "GET /bicicletas/ HTTP/1.1" 302 0
INFO 2026-10-02 00:05:36,141 basehttp "GET /bicicletas/ HTTP/1.1" 302 0
INFO 2026-10-02 00:05:36,153 basehttp "GET /bicicletas/ HTTP/1.1" 302 0
INFO 2026-10-02 00:05:36,166 basehttp "GET /bicicletas/ HTTP/1.1" 302 0
INFO 2026-10-02 00:05:36,177 basehttp "GET /bicicletas/ HTTP/1.1" 302 0
INFO 2026-10-02 00:05:36,196 basehttp "GET /bicicletas/ HTTP/1.1" 302 0
INFO 2026-10-02 00:05:37,391 basehttp "GET /login/ HTTP/1.1" 200 3775
INFO 2026-10-02 00:13:33,418 basehttp "GET /bicicletas/ HTTP/1.1" 302 0
INFO 2026-10-02 00:13:33,436 basehttp "GET /bicicletas/ HTTP/1.1" 302 0
INFO 2026-10-02 00:13:33,452 basehttp "GET /bicicletas/ HTTP/1.1" 302 0
INFO 2026-10-02 00:13:33,467 basehttp "GET /bicicletas/ HTTP/1.1" 302 0
INFO 2026-10-02 00:13:33,479 basehttp "GET /bicicletas/ HTTP/1.1" 302 0
INFO 2026-10-02 00:13:33,491 basehttp "GET /bicicletas/ HTTP/1.1" 302 0
INFO 2026-10-02 00:13:33,501 basehttp "GET /bicicletas/ HTTP/1.1" 302 0
INFO 2026-10-02 00:13:33,513 basehttp "GET /bicicletas/ HTTP/1.1" 302 0
INFO 2026-10-02 00:13:33,523 basehttp "GET /bicicletas/ HTTP/1.1" 302 0
INFO 2026-10-02 00:13:33,534 basehttp "GET /bicicletas/ HTTP/1.1" 302 0
INFO 2026-10-02 00:13:33,546 basehttp "GET /bicicletas/ HTTP/1.1" 302 0
INFO 2026-10-02 00:13:33,554 basehttp "GET /bicicletas/ HTTP/1.1" 302 0
INFO 2026-10-02 00:13:33,564 basehttp "GET /bicicletas/ HTTP/1.1" 302 0
INFO 2026-10-02 00:13:33,573 basehttp "GET /bicicletas/ HTTP/1.1" 302 0
INFO 2026-10-02 00:13:33,584 basehttp "GET /bicicletas/ HTTP/1.1" 302 0
INFO 2026-10-02 00:13:33,596 basehttp "GET /bicicletas/ HTTP/1.1" 302 0
INFO 2026-10-02 00:13:33,607 basehttp "GET /bicicletas/ HTTP/1.1" 302 0
INFO 2026-10-02 00:13:33,620 basehttp "GET /bicicletas/ HTTP/1.1" 302 0
INFO 2026-10-02 00:13:33,634 basehttp "GET /bicicletas/ HTTP/1.1" 302 0
INFO 2026-10-02 00:13:33,649 basehttp "GET /bicicletas/ HTTP/1.1" 302 0
INFO 2026-10-02 00:13:39,518 basehttp "GET / HTTP/1.1" 302 0
INFO 2026-10-02 00:13:39,539 basehttp "GET /bicicletas/ HTTP/1.1" 302 0
INFO 2026-10-02 00:13:39,554 basehttp "GET /bicicletas/ HTTP/1.1" 302 0
INFO 2026-10-02 00:13:39,569 basehttp "GET /bicicletas/ HTTP/1.1" 302 0
INFO 2026-10-02 00:13:39,583 basehttp "GET /bicicletas/ HTTP/1.1" 302 0
INFO 2026-10-02 00:13:39,597 basehttp "GET /bicicletas/ HTTP/1.1" 302 0
INFO 2026-10-02 00:13:39,608 basehttp "GET /bicicletas/ HTTP/1.1" 302 0
INFO 2026-10-02 00:13:39,618 basehttp "GET /bicicletas/ HTTP/1.1" 302 0
INFO 2026-10-02 00:13:39,631 basehttp "GET /bicicletas/ HTTP/1.1" 302 0
INFO 2026-10-02 00:13:39,641 basehttp "GET /bicicletas/ HTTP/1.1" 302 0
INFO 2026-10-02 00:13:39,651 basehttp "GET /bicicletas/ HTTP/1.1" 302 0
INFO 2026-10-02 00:13:39,664 basehttp "GET /bicicletas/ HTTP/1.1" 302 0
INFO 2026-10-02 00:13:39,673 basehttp "GET /bicicletas/ HTTP/1.1" 302 0
INFO 2026-10-02 00:13:39,683 basehttp "GET /bicicletas/ HTTP/1.1" 302 0
INFO 2026-10-02 00:13:39,695 basehttp "GET /bicicletas/ HTTP/1.1" 302 0
INFO 2026-10-02 00:13:39,704 basehttp "GET /bicicletas/ HTTP/1.1" 302 0
INFO 2026-10-02 00:13:39,716 basehttp "GET /bicicletas/ HTTP/1.1" 302 0
INFO 2026-10-02 00:13:39,725 basehttp "GET /bicicletas/ HTTP/1.1" 302 0
INFO 2026-10-02 00:13:39,736 basehttp "GET /bicicletas/ HTTP/1.1" 302 0
INFO 2026-10-02 00:13:39,746 basehttp "GET /bicicletas/ HTTP/1.1" 302 0
INFO 2026-10-02 00:15:55,665 autoreload C:\Users\Aty\Desktop\tienda_bicicletas\bicicletas\urls.py changed, reloading.
INFO 2026-10-02 00:16:05,809 autoreload Watching for file changes with StatReloader
INFO 2026-10-02 00:18:39,831 autoreload C:\Users\Aty\Desktop\tienda_bicicletas\bicicletas\urls.py changed, reloading.
INFO 2026-10-02 00:18:47,106 autoreload Watching for file changes with StatReloader
INFO 2026-10-02 00:20:37,632 autoreload Watching for file changes with StatReloader
INFO 2026-10-02 00:20:46,528 basehttp "GET /login/ HTTP/1.1" 302 0
INFO 2026-10-02 00:20:46,546 basehttp "GET /bicicletas/ HTTP/1.1" 302 0
INFO 2026-10-02 00:20:46,558 basehttp "GET /bicicletas/ HTTP/1.1" 302 0
INFO 2026-10-02 00:20:46,569 basehttp "GET /bicicletas/ HTTP/1.1" 302 0
INFO 2026-10-02 00:20:46,579 basehttp "GET /bicicletas/ HTTP/1.1" 302 0
INFO 2026-10-02 00:20:46,592 basehttp "GET /bicicletas/ HTTP/1.1" 302 0
INFO 2026-10-02 00:20:46,602 basehttp "GET /bicicletas/ HTTP/1.1" 302 0
INFO 2026-10-02 00:20:46,613 basehttp "GET /bicicletas/ HTTP/1.1" 302 0
INFO 2026-10-02 00:20:46,623 basehttp "GET /bicicletas/ HTTP/1.1" 302 0
INFO 2026-10-02 00:20:46,638 basehttp "GET /bicicletas/ HTTP/1.1" 302 0
INFO 2026-10-02 00:20:46,651 basehttp "GET /bicicletas/ HTTP/1.1" 302 0
INFO 2026-10-02 00:20:46,667 basehttp "GET /bicicletas/ HTTP/1.1" 302 0
INFO 2026-10-02 00:20:46,680 basehttp "GET /bicicletas/ HTTP/1.1" 302 0
INFO 2026-10-02 00:20:46,692 basehttp "GET /bicicletas/ HTTP/1.1" 302 0
INFO 2026-10-02 00:20:46,702 basehttp "GET /bicicletas/ HTTP/1.1" 302 0
INFO 2026-10-02 00:20:46,714 basehttp "GET /bicicletas/ HTTP/1.1" 302 0
INFO 2026-10-02 00:20:46,729 basehttp "GET /bicicletas/ HTTP/1.1" 302 0
INFO 2026-10-02 00:20:46,742 basehttp "GET /bicicletas/ HTTP/1.1" 302 0
INFO 2026-10-02 00:20:46,752 basehttp "GET /bicicletas/ HTTP/1.1" 302 0
INFO 2026-10-02 00:20:46,766 basehttp "GET /bicicletas/ HTTP/1.1" 302 0
INFO 2026-10-02 00:20:47,865 basehttp "GET /bicicletas/ HTTP/1.1" 302 0
INFO 2026-10-02 00:20:47,882 basehttp "GET /bicicletas/ HTTP/1.1" 302 0
INFO 2026-10-02 00:20:47,898 basehttp "GET /bicicletas/ HTTP/1.1" 302 0
INFO 2026-10-02 00:20:47,928 basehttp "GET /bicicletas/ HTTP/1.1" 302 0
INFO 2026-10-02 00:20:47,949 basehttp "GET /bicicletas/ HTTP/1.1" 302 0
INFO 2026-10-02 00:20:47,969 basehttp "GET /bicicletas/ HTTP/1.1" 302 0
INFO 2026-10-02 00:20:47,984 basehttp "GET /bicicletas/ HTTP/1.1" 302 0
INFO 2026-10-02 00:20:47,999 basehttp "GET /bicicletas/ HTTP/1.1" 302 0
INFO 2026-10-02 00:20:48,013 basehttp "GET /bicicletas/ HTTP/1.1" 302 0
INFO 2026-10-02 00:20:48,023 basehttp "GET /bicicletas/ HTTP/1.1" 302 0
INFO 2026-10-02 00:20:48,035 basehttp "GET /bicicletas/ HTTP/1.1" 302 0
INFO 2026-10-02 00:20:48,045 basehttp "GET /bicicletas/ HTTP/1.1" 302 0
INFO 2026-10-02 00:20:48,058 basehttp "GET /bicicletas/ HTTP/1.1" 302 0
INFO 2026-10-02 00:20:48,068 basehttp "GET /bicicletas/ HTTP/1.1" 302 0
INFO 2026-10-02 00:20:48,079 basehttp "GET /bicicletas/ HTTP/1.1" 302 0
INFO 2026-10-02 00:20:48,090 basehttp "GET /bicicletas/ HTTP/1.1" 302 0
INFO 2026-10-02 00:20:48,101 basehttp "GET /bicicletas/ HTTP/1.1" 302 0
INFO 2026-10-02 00:20:48,113 basehttp "GET /bicicletas/ HTTP/1.1" 302 0
INFO 2026-10-02 00:20:48,124 basehttp "GET /bicicletas/ HTTP/1.1" 302 0
INFO 2026-10-02 00:20:48,133 basehttp "GET /bicicletas/ HTTP/1.1" 302 0
INFO 2026-10-02 00:20:53,211 basehttp "GET /bicicletas/ HTTP/1.1" 302 0
INFO 2026-10-02 00:20:53,248 basehttp "GET /bicicletas/ HTTP/1.1" 302 0
INFO 2026-10-02 00:20:53,274 basehttp "GET /bicicletas/ HTTP/1.1" 302 0
INFO 2026-10-02 00:20:53,291 basehttp "GET /bicicletas/ HTTP/1.1" 302 0
INFO 2026-10-02 00:20:53,366 basehttp "GET /bicicletas/ HTTP/1.1" 302 0
INFO 2026-10-02 00:20:53,390 basehttp "GET /bicicletas/ HTTP/1.1" 302 0
INFO 2026-10-02 00:20:53,434 basehttp "GET /bicicletas/ HTTP/1.1" 302 0
INFO 2026-10-02 00:20:53,451 basehttp "GET /bicicletas/ HTTP/1.1" 302 0
INFO 2026-10-02 00:20:53,482 basehttp "GET /bicicletas/ HTTP/1.1" 302 0
INFO 2026-10-02 00:20:53,503 basehttp "GET /bicicletas/ HTTP/1.1" 302 0
INFO 2026-10-02 00:20:53,517 basehttp "GET /bicicletas/ HTTP/1.1" 302 0
INFO 2026-10-02 00:20:53,531 basehttp "GET /bicicletas/ HTTP/1.1" 302 0
INFO 2026-10-02 00:20:53,542 basehttp "GET /bicicletas/ HTTP/1.1" 302 0
INFO 2026-10-02 00:20:53,555 basehttp "GET /bicicletas/ HTTP/1.1" 302 0
INFO 2026-10-02 00:20:53,568 basehttp "GET /bicicletas/ HTTP/1.1" 302 0
INFO 2026-10-02 00:20:53,580 basehttp "GET /bicicletas/ HTTP/1.1" 302 0
INFO 2026-10-02 00:20:53,592 basehttp "GET /bicicletas/ HTTP/1.1" 302 0
INFO 2026-10-02 00:20:53,603 basehttp "GET /bicicletas/ HTTP/1.1" 302 0
INFO 2026-10-02 00:20:53,616 basehttp "GET /bicicletas/ HTTP/1.1" 302 0
INFO 2026-10-02 00:20:53,632 basehttp "GET /bicicletas/ HTTP/1.1" 302 0
INFO 2026-10-02 00:20:55,816 basehttp "GET /login/ HTTP/1.1" 302 0
INFO 2026-10-02 00:20:55,833 basehttp "GET /bicicletas/ HTTP/1.1" 302 0
INFO 2026-10-02 00:20:55,858 basehttp "GET /bicicletas/ HTTP/1.1" 302 0
INFO 2026-10-02 00:20:55,870 basehttp "GET /bicicletas/ HTTP/1.1" 302 0
INFO 2026-10-02 00:20:55,882 basehttp "GET /bicicletas/ HTTP/1.1" 302 0
INFO 2026-10-02 00:20:55,900 basehttp "GET /bicicletas/ HTTP/1.1" 302 0
INFO 2026-10-02 00:20:55,921 basehttp "GET /bicicletas/ HTTP/1.1" 302 0
INFO 2026-10-02 00:20:55,938 basehttp "GET /bicicletas/ HTTP/1.1" 302 0
INFO 2026-10-02 00:20:55,948 basehttp "GET /bicicletas/ HTTP/1.1" 302 0
INFO 2026-10-02 00:20:55,963 basehttp "GET /bicicletas/ HTTP/1.1" 302 0
INFO 2026-10-02 00:20:55,976 basehttp "GET /bicicletas/ HTTP/1.1" 302 0
INFO 2026-10-02 00:20:55,988 basehttp "GET /bicicletas/ HTTP/1.1" 302 0
INFO 2026-10-02 00:20:55,999 basehttp "GET /bicicletas/ HTTP/1.1" 302 0
INFO 2026-10-02 00:20:56,011 basehttp "GET /bicicletas/ HTTP/1.1" 302 0
INFO 2026-10-02 00:20:56,025 basehttp "GET /bicicletas/ HTTP/1.1" 302 0
INFO 2026-10-02 00:20:56,038 basehttp "GET /bicicletas/ HTTP/1.1" 302 0
INFO 2026-10-02 00:20:56,050 basehttp "GET /bicicletas/ HTTP/1.1" 302 0
INFO 2026-10-02 00:20:56,062 basehttp "GET /bicicletas/ HTTP/1.1" 302 0
INFO 2026-10-02 00:20:56,075 basehttp "GET /bicicletas/ HTTP/1.1" 302 0
INFO 2026-10-02 00:20:56,086 basehttp "GET /bicicletas/ HTTP/1.1" 302 0
INFO 2026-10-02 00:20:57,158 basehttp "GET /bicicletas/ HTTP/1.1" 302 0
INFO 2026-10-02 00:20:57,178 basehttp "GET /bicicletas/ HTTP/1.1" 302 0
INFO 2026-10-02 00:20:57,194 basehttp "GET /bicicletas/ HTTP/1.1" 302 0
INFO 2026-10-02 00:20:57,211 basehttp "GET /bicicletas/ HTTP/1.1" 302 0
INFO 2026-10-02 00:20:57,227 basehttp "GET /bicicletas/ HTTP/1.1" 302 0
INFO 2026-10-02 00:20:57,283 basehttp "GET /bicicletas/ HTTP/1.1" 302 0
INFO 2026-10-02 00:20:57,300 basehttp "GET /bicicletas/ HTTP/1.1" 302 0
INFO 2026-10-02 00:20:57,315 basehttp "GET /bicicletas/ HTTP/1.1" 302 0
INFO 2026-10-02 00:20:57,329 basehttp "GET /bicicletas/ HTTP/1.1" 302 0
INFO 2026-10-02 00:20:57,341 basehttp "GET /bicicletas/ HTTP/1.1" 302 0
INFO 2026-10-02 00:20:57,353 basehttp "GET /bicicletas/ HTTP/1.1" 302 0
INFO 2026-10-02 00:20:57,365 basehttp "GET /bicicletas/ HTTP/1.1" 302 0
INFO 2026-10-02 00:20:57,379 basehttp "GET /bicicletas/ HTTP/1.1" 302 0
INFO 2026-10-02 00:20:57,388 basehttp "GET /bicicletas/ HTTP/1.1" 302 0
INFO 2026-10-02 00:20:57,398 basehttp "GET /bicicletas/ HTTP/1.1" 302 0
INFO 2026-10-02 00:20:57,411 basehttp "GET /bicicletas/ HTTP/1.1" 302 0
INFO 2026-10-02 00:20:57,421 basehttp "GET /bicicletas/ HTTP/1.1" 302 0
INFO 2026-10-02 00:20:57,433 basehttp "GET /bicicletas/ HTTP/1.1" 302 0
INFO 2026-10-02 00:20:57,444 basehttp "GET /bicicletas/ HTTP/1.1" 302 0
INFO 2026-10-02 00:20:57,457 basehttp "GET /bicicletas/ HTTP/1.1" 302 0
INFO 2026-10-02 00:21:23,794 basehttp "GET /login/ HTTP/1.1" 302 0
INFO 2026-10-02 00:21:23,822 basehttp "GET /bicicletas/ HTTP/1.1" 302 0
INFO 2026-10-02 00:21:23,835 basehttp "GET /bicicletas/ HTTP/1.1" 302 0
INFO 2026-10-02 00:21:23,849 basehttp "GET /bicicletas/ HTTP/1.1" 302 0
INFO 2026-10-02 00:21:23,862 basehttp "GET /bicicletas/ HTTP/1.1" 302 0
INFO 2026-10-02 00:21:23,871 basehttp "GET /bicicletas/ HTTP/1.1" 302 0
INFO 2026-10-02 00:21:23,882 basehttp "GET /bicicletas/ HTTP/1.1" 302 0
INFO 2026-10-02 00:21:23,892 basehttp "GET /bicicletas/ HTTP/1.1" 302 0
INFO 2026-10-02 00:21:23,902 basehttp "GET /bicicletas/ HTTP/1.1" 302 0
INFO 2026-10-02 00:21:23,921 basehttp "GET /bicicletas/ HTTP/1.1" 302 0
INFO 2026-10-02 00:21:23,939 basehttp "GET /bicicletas/ HTTP/1.1" 302 0
INFO 2026-10-02 00:21:23,949 basehttp "GET /bicicletas/ HTTP/1.1" 302 0
INFO 2026-10-02 00:21:23,960 basehttp "GET /bicicletas/ HTTP/1.1" 302 0
INFO 2026-10-02 00:21:23,968 basehttp "GET /bicicletas/ HTTP/1.1" 302 0
INFO 2026-10-02 00:21:23,980 basehttp "GET /bicicletas/ HTTP/1.1" 302 0
INFO 2026-10-02 00:21:23,988 basehttp "GET /bicicletas/ HTTP/1.1" 302 0
INFO 2026-10-02 00:21:24,001 basehttp "GET /bicicletas/ HTTP/1.1" 302 0
INFO 2026-10-02 00:21:24,012 basehttp "GET /bicicletas/ HTTP/1.1" 302 0
INFO 2026-10-02 00:21:24,021 basehttp "GET /bicicletas/ HTTP/1.1" 302 0
INFO 2026-10-02 00:21:24,030 basehttp "GET /bicicletas/ HTTP/1.1" 302 0
INFO 2026-10-02 00:21:25,085 basehttp "GET /bicicletas/ HTTP/1.1" 302 0
INFO 2026-10-02 00:21:25,100 basehttp "GET /bicicletas/ HTTP/1.1" 302 0
INFO 2026-10-02 00:21:25,113 basehttp "GET /bicicletas/ HTTP/1.1" 302 0
INFO 2026-10-02 00:21:25,125 basehttp "GET /bicicletas/ HTTP/1.1" 302 0
INFO 2026-10-02 00:21:25,140 basehttp "GET /bicicletas/ HTTP/1.1" 302 0
INFO 2026-10-02 00:21:25,153 basehttp "GET /bicicletas/ HTTP/1.1" 302 0
INFO 2026-10-02 00:21:25,168 basehttp "GET /bicicletas/ HTTP/1.1" 302 0
INFO 2026-10-02 00:21:25,182 basehttp "GET /bicicletas/ HTTP/1.1" 302 0
INFO 2026-10-02 00:21:25,196 basehttp "GET /bicicletas/ HTTP/1.1" 302 0
INFO 2026-10-02 00:21:25,205 basehttp "GET /bicicletas/ HTTP/1.1" 302 0
INFO 2026-10-02 00:21:25,216 basehttp "GET /bicicletas/ HTTP/1.1" 302 0
INFO 2026-10-02 00:21:25,228 basehttp "GET /bicicletas/ HTTP/1.1" 302 0
INFO 2026-10-02 00:21:25,238 basehttp "GET /bicicletas/ HTTP/1.1" 302 0
INFO 2026-10-02 00:21:25,248 basehttp "GET /bicicletas/ HTTP/1.1" 302 0
INFO 2026-10-02 00:21:25,256 basehttp "GET /bicicletas/ HTTP/1.1" 302 0
INFO 2026-10-02 00:21:25,268 basehttp "GET /bicicletas/ HTTP/1.1" 302 0
INFO 2026-10-02 00:21:25,280 basehttp "GET /bicicletas/ HTTP/1.1" 302 0
INFO 2026-10-02 00:21:25,292 basehttp "GET /bicicletas/ HTTP/1.1" 302 0
INFO 2026-10-02 00:21:25,302 basehttp "GET /bicicletas/ HTTP/1.1" 302 0
INFO 2026-10-02 00:21:25,317 basehttp "GET /bicicletas/ HTTP/1.1" 302 0
INFO 2026-10-02 00:21:27,489 basehttp "GET /login/ HTTP/1.1" 302 0
INFO 2026-10-02 00:21:27,514 basehttp "GET /bicicletas/ HTTP/1.1" 302 0
INFO 2026-10-02 00:21:27,532 basehttp "GET /bicicletas/ HTTP/1.1" 302 0
INFO 2026-10-02 00:21:27,544 basehttp "GET /bicicletas/ HTTP/1.1" 302 0
INFO 2026-10-02 00:21:27,555 basehttp "GET /bicicletas/ HTTP/1.1" 302 0
INFO 2026-10-02 00:21:27,567 basehttp "GET /bicicletas/ HTTP/1.1" 302 0
INFO 2026-10-02 00:21:27,581 basehttp "GET /bicicletas/ HTTP/1.1" 302 0
INFO 2026-10-02 00:21:27,594 basehttp "GET /bicicletas/ HTTP/1.1" 302 0
INFO 2026-10-02 00:21:27,606 basehttp "GET /bicicletas/ HTTP/1.1" 302 0
INFO 2026-10-02 00:21:27,617 basehttp "GET /bicicletas/ HTTP/1.1" 302 0
INFO 2026-10-02 00:21:27,630 basehttp "GET /bicicletas/ HTTP/1.1" 302 0
INFO 2026-10-02 00:21:27,640 basehttp "GET /bicicletas/ HTTP/1.1" 302 0
INFO 2026-10-02 00:21:27,652 basehttp "GET /bicicletas/ HTTP/1.1" 302 0
INFO 2026-10-02 00:21:27,665 basehttp "GET /bicicletas/ HTTP/1.1" 302 0
INFO 2026-10-02 00:21:27,676 basehttp "GET /bicicletas/ HTTP/1.1" 302 0
INFO 2026-10-02 00:21:27,685 basehttp "GET /bicicletas/ HTTP/1.1" 302 0
INFO 2026-10-02 00:21:27,698 basehttp "GET /bicicletas/ HTTP/1.1" 302 0
INFO 2026-10-02 00:21:27,709 basehttp "GET /bicicletas/ HTTP/1.1" 302 0
INFO 2026-10-02 00:21:27,720 basehttp "GET /bicicletas/ HTTP/1.1" 302 0
INFO 2026-10-02 00:21:27,734 basehttp "GET /bicicletas/ HTTP/1.1" 302 0
INFO 2026-10-02 00:21:28,796 basehttp "GET /bicicletas/ HTTP/1.1" 302 0
INFO 2026-10-02 00:21:28,814 basehttp "GET /bicicletas/ HTTP/1.1" 302 0
INFO 2026-10-02 00:21:28,834 basehttp "GET /bicicletas/ HTTP/1.1" 302 0
INFO 2026-10-02 00:21:28,849 basehttp "GET /bicicletas/ HTTP/1.1" 302 0
INFO 2026-10-02 00:21:28,862 basehttp "GET /bicicletas/ HTTP/1.1" 302 0
INFO 2026-10-02 00:21:28,873 basehttp "GET /bicicletas/ HTTP/1.1" 302 0
INFO 2026-10-02 00:21:28,888 basehttp "GET /bicicletas/ HTTP/1.1" 302 0
INFO 2026-10-02 00:21:28,910 basehttp "GET /bicicletas/ HTTP/1.1" 302 0
INFO 2026-10-02 00:21:28,922 basehttp "GET /bicicletas/ HTTP/1.1" 302 0
INFO 2026-10-02 00:21:28,937 basehttp "GET /bicicletas/ HTTP/1.1" 302 0
INFO 2026-10-02 00:21:28,951 basehttp "GET /bicicletas/ HTTP/1.1" 302 0
INFO 2026-10-02 00:21:28,965 basehttp "GET /bicicletas/ HTTP/1.1" 302 0
INFO 2026-10-02 00:21:28,977 basehttp "GET /bicicletas/ HTTP/1.1" 302 0
INFO 2026-10-02 00:21:28,996 basehttp "GET /bicicletas/ HTTP/1.1" 302 0
INFO 2026-10-02 00:21:29,009 basehttp "GET /bicicletas/ HTTP/1.1" 302 0
INFO 2026-10-02 00:21:29,020 basehttp "GET /bicicletas/ HTTP/1.1" 302 0
INFO 2026-10-02 00:21:29,034 basehttp "GET /bicicletas/ HTTP/1.1" 302 0
INFO 2026-10-02 00:21:29,047 basehttp "GET /bicicletas/ HTTP/1.1" 302 0
INFO 2026-10-02 00:21:29,061 basehttp "GET /bicicletas/ HTTP/1.1" 302 0
INFO 2026-10-02 00:21:29,072 basehttp "GET /bicicletas/ HTTP/1.1" 302 0
INFO 2026-10-02 00:33:55,079 basehttp "GET / HTTP/1.1" 302 0
INFO 2026-10-02 00:33:55,098 basehttp "GET /bicicletas/ HTTP/1.1" 302 0
INFO 2026-10-02 00:33:55,107 basehttp "GET /bicicletas/ HTTP/1.1" 302 0
INFO 2026-10-02 00:33:55,118 basehttp "GET /bicicletas/ HTTP/1.1" 302 0
INFO 2026-10-02 00:33:55,128 basehttp "GET /bicicletas/ HTTP/1.1" 302 0
INFO 2026-10-02 00:33:55,140 basehttp "GET /bicicletas/ HTTP/1.1" 302 0
INFO 2026-10-02 00:33:55,154 basehttp "GET /bicicletas/ HTTP/1.1" 302 0
INFO 2026-10-02 00:33:55,167 basehttp "GET /bicicletas/ HTTP/1.1" 302 0
INFO 2026-10-02 00:33:55,175 basehttp "GET /bicicletas/ HTTP/1.1" 302 0
INFO 2026-10-02 00:33:55,187 basehttp "GET /bicicletas/ HTTP/1.1" 302 0
INFO 2026-10-02 00:33:55,196 basehttp "GET /bicicletas/ HTTP/1.1" 302 0
INFO 2026-10-02 00:33:55,205 basehttp "GET /bicicletas/ HTTP/1.1" 302 0
INFO 2026-10-02 00:33:55,216 basehttp "GET /bicicletas/ HTTP/1.1" 302 0
INFO 2026-10-02 00:33:55,226 basehttp "GET /bicicletas/ HTTP/1.1" 302 0
INFO 2026-10-02 00:33:55,236 basehttp "GET /bicicletas/ HTTP/1.1" 302 0
INFO 2026-10-02 00:33:55,246 basehttp "GET /bicicletas/ HTTP/1.1" 302 0
INFO 2026-10-02 00:33:55,256 basehttp "GET /bicicletas/ HTTP/1.1" 302 0
INFO 2026-10-02 00:33:55,265 basehttp "GET /bicicletas/ HTTP/1.1" 302 0
INFO 2026-10-02 00:33:55,274 basehttp "GET /bicicletas/ HTTP/1.1" 302 0
INFO 2026-10-02 00:33:55,285 basehttp "GET /bicicletas/ HTTP/1.1" 302 0
INFO 2026-10-02 00:33:56,251 basehttp "GET /bicicletas/ HTTP/1.1" 302 0
INFO 2026-10-02 00:33:56,290 basehttp "GET /login/ HTTP/1.1" 302 0
INFO 2026-10-02 00:33:56,315 basehttp "GET /bicicletas/ HTTP/1.1" 302 0
INFO 2026-10-02 00:33:56,331 basehttp "GET /bicicletas/ HTTP/1.1" 302 0
INFO 2026-10-02 00:33:56,346 basehttp "GET /bicicletas/ HTTP/1.1" 302 0
INFO 2026-10-02 00:33:56,358 basehttp "GET /bicicletas/ HTTP/1.1" 302 0
INFO 2026-10-02 00:33:56,385 basehttp "GET /bicicletas/ HTTP/1.1" 302 0
INFO 2026-10-02 00:33:56,401 basehttp "GET /bicicletas/ HTTP/1.1" 302 0
INFO 2026-10-02 00:33:56,412 basehttp "GET /bicicletas/ HTTP/1.1" 302 0
INFO 2026-10-02 00:33:56,423 basehttp "GET /bicicletas/ HTTP/1.1" 302 0
INFO 2026-10-02 00:33:56,435 basehttp "GET /bicicletas/ HTTP/1.1" 302 0
INFO 2026-10-02 00:33:56,448 basehttp "GET /bicicletas/ HTTP/1.1" 302 0
INFO 2026-10-02 00:33:56,461 basehttp "GET /bicicletas/ HTTP/1.1" 302 0
INFO 2026-10-02 00:33:56,470 basehttp "GET /bicicletas/ HTTP/1.1" 302 0
INFO 2026-10-02 00:33:56,482 basehttp "GET /bicicletas/ HTTP/1.1" 302 0
INFO 2026-10-02 00:33:56,494 basehttp "GET /bicicletas/ HTTP/1.1" 302 0
INFO 2026-10-02 00:33:56,568 basehttp "GET /bicicletas/ HTTP/1.1" 302 0
INFO 2026-10-02 00:33:56,586 basehttp "GET /bicicletas/ HTTP/1.1" 302 0
INFO 2026-10-02 00:33:56,601 basehttp "GET /bicicletas/ HTTP/1.1" 302 0
INFO 2026-10-02 00:33:56,615 basehttp "GET /bicicletas/ HTTP/1.1" 302 0
INFO 2026-10-02 00:33:56,627 basehttp "GET /bicicletas/ HTTP/1.1" 302 0
INFO 2026-10-02 00:33:57,690 basehttp "GET /bicicletas/ HTTP/1.1" 302 0
INFO 2026-10-02 00:33:57,705 basehttp "GET /bicicletas/ HTTP/1.1" 302 0
INFO 2026-10-02 00:33:57,715 basehttp "GET /bicicletas/ HTTP/1.1" 302 0
INFO 2026-10-02 00:33:57,727 basehttp "GET /bicicletas/ HTTP/1.1" 302 0
INFO 2026-10-02 00:33:57,740 basehttp "GET /bicicletas/ HTTP/1.1" 302 0
INFO 2026-10-02 00:33:57,753 basehttp "GET /bicicletas/ HTTP/1.1" 302 0
INFO 2026-10-02 00:33:57,766 basehttp "GET /bicicletas/ HTTP/1.1" 302 0
INFO 2026-10-02 00:33:57,779 basehttp "GET /bicicletas/ HTTP/1.1" 302 0
INFO 2026-10-02 00:33:57,796 basehttp "GET /bicicletas/ HTTP/1.1" 302 0
INFO 2026-10-02 00:33:57,808 basehttp "GET /bicicletas/ HTTP/1.1" 302 0
INFO 2026-10-02 00:33:57,825 basehttp "GET /bicicletas/ HTTP/1.1" 302 0
INFO 2026-10-02 00:33:57,839 basehttp "GET /bicicletas/ HTTP/1.1" 302 0
INFO 2026-10-02 00:33:57,853 basehttp "GET /bicicletas/ HTTP/1.1" 302 0
INFO 2026-10-02 00:33:57,869 basehttp "GET /bicicletas/ HTTP/1.1" 302 0
INFO 2026-10-02 00:33:57,883 basehttp "GET /bicicletas/ HTTP/1.1" 302 0
INFO 2026-10-02 00:33:57,897 basehttp "GET /bicicletas/ HTTP/1.1" 302 0
INFO 2026-10-02 00:33:57,908 basehttp "GET /bicicletas/ HTTP/1.1" 302 0
INFO 2026-10-02 00:33:57,924 basehttp "GET /bicicletas/ HTTP/1.1" 302 0
INFO 2026-10-02 00:33:57,940 basehttp "GET /bicicletas/ HTTP/1.1" 302 0
INFO 2026-10-02 00:33:57,953 basehttp "GET /bicicletas/ HTTP/1.1" 302 0
INFO 2026-10-02 00:34:02,999 basehttp "GET /bicicletas/ HTTP/1.1" 302 0
INFO 2026-10-02 00:34:03,018 basehttp "GET /bicicletas/ HTTP/1.1" 302 0
INFO 2026-10-02 00:34:03,034 basehttp "GET /bicicletas/ HTTP/1.1" 302 0
INFO 2026-10-02 00:34:03,046 basehttp "GET /bicicletas/ HTTP/1.1" 302 0
INFO 2026-10-02 00:34:03,065 basehttp "GET /bicicletas/ HTTP/1.1" 302 0
INFO 2026-10-02 00:34:03,104 basehttp "GET /bicicletas/ HTTP/1.1" 302 0
INFO 2026-10-02 00:34:03,122 basehttp "GET /bicicletas/ HTTP/1.1" 302 0
INFO 2026-10-02 00:34:03,135 basehttp "GET /bicicletas/ HTTP/1.1" 302 0
INFO 2026-10-02 00:34:03,147 basehttp "GET /bicicletas/ HTTP/1.1" 302 0
INFO 2026-10-02 00:34:03,159 basehttp "GET /bicicletas/ HTTP/1.1" 302 0
INFO 2026-10-02 00:34:03,169 basehttp "GET /bicicletas/ HTTP/1.1" 302 0
INFO 2026-10-02 00:34:03,180 basehttp "GET /bicicletas/ HTTP/1.1" 302 0
INFO 2026-10-02 00:34:03,189 basehttp "GET /bicicletas/ HTTP/1.1" 302 0
INFO 2026-10-02 00:34:03,201 basehttp "GET /bicicletas/ HTTP/1.1" 302 0
INFO 2026-10-02 00:34:03,213 basehttp "GET /bicicletas/ HTTP/1.1" 302 0
INFO 2026-10-02 00:34:03,235 basehttp "GET /bicicletas/ HTTP/1.1" 302 0
INFO 2026-10-02 00:34:03,266 basehttp "GET /bicicletas/ HTTP/1.1" 302 0
INFO 2026-10-02 00:34:03,275 basehttp "GET /bicicletas/ HTTP/1.1" 302 0
INFO 2026-10-02 00:34:03,288 basehttp "GET /bicicletas/ HTTP/1.1" 302 0
INFO 2026-10-02 00:34:03,311 basehttp "GET /bicicletas/ HTTP/1.1" 302 0
INFO 2026-10-02 00:34:04,196 basehttp "GET / HTTP/1.1" 302 0
INFO 2026-10-02 00:34:04,215 basehttp "GET /bicicletas/ HTTP/1.1" 302 0
INFO 2026-10-02 00:34:04,230 basehttp "GET /bicicletas/ HTTP/1.1" 302 0
INFO 2026-10-02 00:34:04,241 basehttp "GET /bicicletas/ HTTP/1.1" 302 0
INFO 2026-10-02 00:34:04,252 basehttp "GET /bicicletas/ HTTP/1.1" 302 0
INFO 2026-10-02 00:34:04,266 basehttp "GET /bicicletas/ HTTP/1.1" 302 0
INFO 2026-10-02 00:34:04,276 basehttp "GET /bicicletas/ HTTP/1.1" 302 0
INFO 2026-10-02 00:34:04,287 basehttp "GET /bicicletas/ HTTP/1.1" 302 0
INFO 2026-10-02 00:34:04,300 basehttp "GET /bicicletas/ HTTP/1.1" 302 0
INFO 2026-10-02 00:34:04,312 basehttp "GET /bicicletas/ HTTP/1.1" 302 0
INFO 2026-10-02 00:34:04,320 basehttp "GET /bicicletas/ HTTP/1.1" 302 0
INFO 2026-10-02 00:34:04,331 basehttp "GET /bicicletas/ HTTP/1.1" 302 0
INFO 2026-10-02 00:34:04,340 basehttp "GET /bicicletas/ HTTP/1.1" 302 0
INFO 2026-10-02 00:34:04,349 basehttp "GET /bicicletas/ HTTP/1.1" 302 0
INFO 2026-10-02 00:34:04,359 basehttp "GET /bicicletas/ HTTP/1.1" 302 0
INFO 2026-10-02 00:34:04,368 basehttp "GET /bicicletas/ HTTP/1.1" 302 0
INFO 2026-10-02 00:34:04,379 basehttp "GET /bicicletas/ HTTP/1.1" 302 0
INFO 2026-10-02 00:34:04,387 basehttp "GET /bicicletas/ HTTP/1.1" 302 0
INFO 2026-10-02 00:34:04,397 basehttp "GET /bicicletas/ HTTP/1.1" 302 0
INFO 2026-10-02 00:34:04,409 basehttp "GET /bicicletas/ HTTP/1.1" 302 0
INFO 2026-10-02 00:34:10,247 basehttp "GET /logout/ HTTP/1.1" 302 0
INFO 2026-10-02 00:34:10,305 basehttp "GET / HTTP/1.1" 200 2862
INFO 2026-10-02 00:34:15,871 basehttp "GET /login/ HTTP/1.1" 200 3427
INFO 2026-10-02 00:34:18,578 basehttp "POST /login/ HTTP/1.1" 302 0
INFO 2026-10-02 00:34:18,588 basehttp "GET /bicicletas/ HTTP/1.1" 302 0
INFO 2026-10-02 00:34:18,597 basehttp "GET /bicicletas/ HTTP/1.1" 302 0
INFO 2026-10-02 00:34:18,605 basehttp "GET /bicicletas/ HTTP/1.1" 302 0
INFO 2026-10-02 00:34:18,616 basehttp "GET /bicicletas/ HTTP/1.1" 302 0
INFO 2026-10-02 00:34:18,624 basehttp "GET /bicicletas/ HTTP/1.1" 302 0
INFO 2026-10-02 00:34:18,635 basehttp "GET /bicicletas/ HTTP/1.1" 302 0
INFO 2026-10-02 00:34:18,644 basehttp "GET /bicicletas/ HTTP/1.1" 302 0
INFO 2026-10-02 00:34:18,653 basehttp "GET /bicicletas/ HTTP/1.1" 302 0
INFO 2026-10-02 00:34:18,662 basehttp "GET /bicicletas/ HTTP/1.1" 302 0
INFO 2026-10-02 00:34:18,670 basehttp "GET /bicicletas/ HTTP/1.1" 302 0
INFO 2026-10-02 00:34:18,681 basehttp "GET /bicicletas/ HTTP/1.1" 302 0
INFO 2026-10-02 00:34:18,689 basehttp "GET /bicicletas/ HTTP/1.1" 302 0
INFO 2026-10-02 00:34:18,700 basehttp "GET /bicicletas/ HTTP/1.1" 302 0
INFO 2026-10-02 00:34:18,709 basehttp "GET /bicicletas/ HTTP/1.1" 302 0
INFO 2026-10-02 00:34:18,718 basehttp "GET /bicicletas/ HTTP/1.1" 302 0
INFO 2026-10-02 00:34:18,726 basehttp "GET /bicicletas/ HTTP/1.1" 302 0
INFO 2026-10-02 00:34:18,736 basehttp "GET /bicicletas/ HTTP/1.1" 302 0
INFO 2026-10-02 00:34:18,745 basehttp "GET /bicicletas/ HTTP/1.1" 302 0
INFO 2026-10-02 00:34:18,755 basehttp "GET /bicicletas/ HTTP/1.1" 302 0
INFO 2026-10-02 00:34:19,812 basehttp "GET /bicicletas/ HTTP/1.1" 302 0
INFO 2026-10-02 00:34:19,826 basehttp "GET /bicicletas/ HTTP/1.1" 302 0
INFO 2026-10-02 00:34:19,839 basehttp "GET /bicicletas/ HTTP/1.1" 302 0
INFO 2026-10-02 00:34:19,857 basehttp "GET /bicicletas/ HTTP/1.1" 302 0
INFO 2026-10-02 00:34:19,875 basehttp "GET /bicicletas/ HTTP/1.1" 302 0
INFO 2026-10-02 00:34:19,899 basehttp "GET /bicicletas/ HTTP/1.1" 302 0
INFO 2026-10-02 00:34:19,917 basehttp "GET /bicicletas/ HTTP/1.1" 302 0
INFO 2026-10-02 00:34:19,938 basehttp "GET /bicicletas/ HTTP/1.1" 302 0
INFO 2026-10-02 00:34:19,955 basehttp "GET /bicicletas/ HTTP/1.1" 302 0
INFO 2026-10-02 00:34:19,973 basehttp "GET /bicicletas/ HTTP/1.1" 302 0
INFO 2026-10-02 00:34:19,990 basehttp "GET /bicicletas/ HTTP/1.1" 302 0
INFO 2026-10-02 00:34:20,005 basehttp "GET /bicicletas/ HTTP/1.1" 302 0
INFO 2026-10-02 00:34:20,018 basehttp "GET /bicicletas/ HTTP/1.1" 302 0
INFO 2026-10-02 00:34:20,030 basehttp "GET /bicicletas/ HTTP/1.1" 302 0
INFO 2026-10-02 00:34:20,041 basehttp "GET /bicicletas/ HTTP/1.1" 302 0
INFO 2026-10-02 00:34:20,057 basehttp "GET /bicicletas/ HTTP/1.1" 302 0
INFO 2026-10-02 00:34:20,075 basehttp "GET /bicicletas/ HTTP/1.1" 302 0
INFO 2026-10-02 00:34:20,101 basehttp "GET /bicicletas/ HTTP/1.1" 302 0
INFO 2026-10-02 00:34:20,112 basehttp "GET /bicicletas/ HTTP/1.1" 302 0
INFO 2026-10-02 00:34:20,132 basehttp "GET /bicicletas/ HTTP/1.1" 302 0
INFO 2026-10-02 00:34:20,883 basehttp "GET /login/ HTTP/1.1" 302 0
INFO 2026-10-02 00:34:21,983 basehttp "GET /bicicletas/ HTTP/1.1" 302 0
INFO 2026-10-02 00:34:21,998 basehttp "GET /bicicletas/ HTTP/1.1" 302 0
INFO 2026-10-02 00:34:22,021 basehttp "GET /login/ HTTP/1.1" 302 0
INFO 2026-10-02 00:34:22,724 basehttp "GET /login/ HTTP/1.1" 302 0
INFO 2026-10-02 00:34:23,814 basehttp "GET /bicicletas/ HTTP/1.1" 302 0
INFO 2026-10-02 00:34:23,834 basehttp "GET /bicicletas/ HTTP/1.1" 302 0
INFO 2026-10-02 00:34:23,848 basehttp "GET /bicicletas/ HTTP/1.1" 302 0
INFO 2026-10-02 00:34:23,859 basehttp "GET /bicicletas/ HTTP/1.1" 302 0
INFO 2026-10-02 00:34:23,875 basehttp "GET /bicicletas/ HTTP/1.1" 302 0
INFO 2026-10-02 00:34:23,889 basehttp "GET /bicicletas/ HTTP/1.1" 302 0
INFO 2026-10-02 00:34:23,900 basehttp "GET /bicicletas/ HTTP/1.1" 302 0
INFO 2026-10-02 00:34:23,913 basehttp "GET /bicicletas/ HTTP/1.1" 302 0
INFO 2026-10-02 00:34:23,926 basehttp "GET /bicicletas/ HTTP/1.1" 302 0
INFO 2026-10-02 00:34:23,937 basehttp "GET /bicicletas/ HTTP/1.1" 302 0
INFO 2026-10-02 00:34:23,947 basehttp "GET /bicicletas/ HTTP/1.1" 302 0
INFO 2026-10-02 00:34:23,956 basehttp "GET /bicicletas/ HTTP/1.1" 302 0
INFO 2026-10-02 00:34:23,966 basehttp "GET /bicicletas/ HTTP/1.1" 302 0
INFO 2026-10-02 00:34:23,976 basehttp "GET /bicicletas/ HTTP/1.1" 302 0
INFO 2026-10-02 00:34:23,987 basehttp "GET /bicicletas/ HTTP/1.1" 302 0
INFO 2026-10-02 00:34:23,999 basehttp "GET /bicicletas/ HTTP/1.1" 302 0
INFO 2026-10-02 00:34:24,008 basehttp "GET /bicicletas/ HTTP/1.1" 302 0
INFO 2026-10-02 00:34:24,018 basehttp "GET /bicicletas/ HTTP/1.1" 302 0
INFO 2026-10-02 00:34:24,030 basehttp "GET /bicicletas/ HTTP/1.1" 302 0
INFO 2026-10-02 00:34:24,043 basehttp "GET /bicicletas/ HTTP/1.1" 302 0
INFO 2026-10-02 00:34:26,285 basehttp "GET / HTTP/1.1" 302 0
INFO 2026-10-02 00:34:26,304 basehttp "GET /bicicletas/ HTTP/1.1" 302 0
INFO 2026-10-02 00:34:26,319 basehttp "GET /bicicletas/ HTTP/1.1" 302 0
INFO 2026-10-02 00:34:26,332 basehttp "GET /bicicletas/ HTTP/1.1" 302 0
INFO 2026-10-02 00:34:26,343 basehttp "GET /bicicletas/ HTTP/1.1" 302 0
INFO 2026-10-02 00:34:26,355 basehttp "GET /bicicletas/ HTTP/1.1" 302 0
INFO 2026-10-02 00:34:26,370 basehttp "GET /bicicletas/ HTTP/1.1" 302 0
INFO 2026-10-02 00:34:26,383 basehttp "GET /bicicletas/ HTTP/1.1" 302 0
INFO 2026-10-02 00:34:26,397 basehttp "GET /bicicletas/ HTTP/1.1" 302 0
INFO 2026-10-02 00:34:26,405 basehttp "GET /bicicletas/ HTTP/1.1" 302 0
INFO 2026-10-02 00:34:26,416 basehttp "GET /bicicletas/ HTTP/1.1" 302 0
INFO 2026-10-02 00:34:26,425 basehttp "GET /bicicletas/ HTTP/1.1" 302 0
INFO 2026-10-02 00:34:26,434 basehttp "GET /bicicletas/ HTTP/1.1" 302 0
INFO 2026-10-02 00:34:26,442 basehttp "GET /bicicletas/ HTTP/1.1" 302 0
INFO 2026-10-02 00:34:26,451 basehttp "GET /bicicletas/ HTTP/1.1" 302 0
INFO 2026-10-02 00:34:26,459 basehttp "GET /bicicletas/ HTTP/1.1" 302 0
INFO 2026-10-02 00:34:26,469 basehttp "GET /bicicletas/ HTTP/1.1" 302 0
INFO 2026-10-02 00:34:26,482 basehttp "GET /bicicletas/ HTTP/1.1" 302 0
INFO 2026-10-02 00:34:26,490 basehttp "GET /bicicletas/ HTTP/1.1" 302 0
INFO 2026-10-02 00:34:26,500 basehttp "GET /bicicletas/ HTTP/1.1" 302 0
INFO 2026-10-02 00:34:29,080 basehttp "GET /bicicletas/ HTTP/1.1" 302 0
INFO 2026-10-02 00:34:29,097 basehttp "GET /bicicletas/ HTTP/1.1" 302 0
INFO 2026-10-02 00:34:29,107 basehttp "GET /bicicletas/ HTTP/1.1" 302 0
INFO 2026-10-02 00:34:29,121 basehttp "GET /bicicletas/ HTTP/1.1" 302 0
INFO 2026-10-02 00:34:29,134 basehttp "GET /bicicletas/ HTTP/1.1" 302 0
INFO 2026-10-02 00:34:29,143 basehttp "GET /bicicletas/ HTTP/1.1" 302 0
INFO 2026-10-02 00:34:29,153 basehttp "GET /bicicletas/ HTTP/1.1" 302 0
INFO 2026-10-02 00:34:29,162 basehttp "GET /bicicletas/ HTTP/1.1" 302 0
INFO 2026-10-02 00:34:29,173 basehttp "GET /bicicletas/ HTTP/1.1" 302 0
INFO 2026-10-02 00:34:29,185 basehttp "GET /bicicletas/ HTTP/1.1" 302 0
INFO 2026-10-02 00:34:29,196 basehttp "GET /bicicletas/ HTTP/1.1" 302 0
INFO 2026-10-02 00:34:29,205 basehttp "GET /bicicletas/ HTTP/1.1" 302 0
INFO 2026-10-02 00:34:29,215 basehttp "GET /bicicletas/ HTTP/1.1" 302 0
INFO 2026-10-02 00:34:29,226 basehttp "GET /bicicletas/ HTTP/1.1" 302 0
INFO 2026-10-02 00:34:29,238 basehttp "GET /bicicletas/ HTTP/1.1" 302 0
INFO 2026-10-02 00:34:29,255 basehttp "GET /bicicletas/ HTTP/1.1" 302 0
INFO 2026-10-02 00:34:29,291 basehttp "GET /bicicletas/ HTTP/1.1" 302 0
INFO 2026-10-02 00:34:29,310 basehttp "GET /bicicletas/ HTTP/1.1" 302 0
INFO 2026-10-02 00:34:29,330 basehttp "GET /bicicletas/ HTTP/1.1" 302 0
INFO 2026-10-02 00:34:29,340 basehttp "GET /bicicletas/ HTTP/1.1" 302 0
INFO 2026-10-02 00:34:30,523 basehttp "GET /logout/ HTTP/1.1" 302 0
INFO 2026-10-02 00:34:30,541 basehttp "GET / HTTP/1.1" 200 2862
INFO 2026-10-02 00:34:41,689 basehttp "GET / HTTP/1.1" 200 2862
INFO 2026-10-02 00:34:44,003 basehttp "GET /login/ HTTP/1.1" 200 3427
INFO 2026-10-02 00:40:37,757 autoreload Watching for file changes with StatReloader
INFO 2026-10-02 00:40:50,706 basehttp "GET /bicicletas/ HTTP/1.1" 200 2862
INFO 2026-10-02 00:40:54,466 basehttp "GET /login/ HTTP/1.1" 200 3427
INFO 2026-10-02 00:40:56,824 basehttp "POST /login/ HTTP/1.1" 302 0
INFO 2026-10-02 00:40:56,840 basehttp "GET /bicicletas/ HTTP/1.1" 302 0
INFO 2026-10-02 00:40:56,853 basehttp "GET /bicicletas/ HTTP/1.1" 302 0
INFO 2026-10-02 00:40:56,869 basehttp "GET /bicicletas/ HTTP/1.1" 302 0
INFO 2026-10-02 00:40:56,882 basehttp "GET /bicicletas/ HTTP/1.1" 302 0
INFO 2026-10-02 00:40:56,897 basehttp "GET /bicicletas/ HTTP/1.1" 302 0
INFO 2026-10-02 00:40:56,912 basehttp "GET /bicicletas/ HTTP/1.1" 302 0
INFO 2026-10-02 00:40:56,928 basehttp "GET /bicicletas/ HTTP/1.1" 302 0
INFO 2026-10-02 00:40:56,943 basehttp "GET /bicicletas/ HTTP/1.1" 302 0
INFO 2026-10-02 00:40:56,959 basehttp "GET /bicicletas/ HTTP/1.1" 302 0
INFO 2026-10-02 00:40:56,973 basehttp "GET /bicicletas/ HTTP/1.1" 302 0
INFO 2026-10-02 00:40:56,986 basehttp "GET /bicicletas/ HTTP/1.1" 302 0
INFO 2026-10-02 00:40:57,002 basehttp "GET /bicicletas/ HTTP/1.1" 302 0
INFO 2026-10-02 00:40:57,015 basehttp "GET /bicicletas/ HTTP/1.1" 302 0
INFO 2026-10-02 00:40:57,029 basehttp "GET /bicicletas/ HTTP/1.1" 302 0
INFO 2026-10-02 00:40:57,045 basehttp "GET /bicicletas/ HTTP/1.1" 302 0
INFO 2026-10-02 00:40:57,061 basehttp "GET /bicicletas/ HTTP/1.1" 302 0
INFO 2026-10-02 00:40:57,076 basehttp "GET /bicicletas/ HTTP/1.1" 302 0
INFO 2026-10-02 00:40:57,089 basehttp "GET /bicicletas/ HTTP/1.1" 302 0
INFO 2026-10-02 00:40:57,102 basehttp "GET /bicicletas/ HTTP/1.1" 302 0
INFO 2026-10-02 00:40:58,196 basehttp "GET /bicicletas/ HTTP/1.1" 302 0
INFO 2026-10-02 00:40:58,214 basehttp "GET /bicicletas/ HTTP/1.1" 302 0
INFO 2026-10-02 00:40:58,232 basehttp "GET /bicicletas/ HTTP/1.1" 302 0
INFO 2026-10-02 00:40:58,252 basehttp "GET /bicicletas/ HTTP/1.1" 302 0
INFO 2026-10-02 00:40:58,274 basehttp "GET /bicicletas/ HTTP/1.1" 302 0
INFO 2026-10-02 00:40:58,289 basehttp "GET /bicicletas/ HTTP/1.1" 302 0
INFO 2026-10-02 00:40:58,307 basehttp "GET /bicicletas/ HTTP/1.1" 302 0
INFO 2026-10-02 00:40:58,324 basehttp "GET /bicicletas/ HTTP/1.1" 302 0
INFO 2026-10-02 00:40:58,343 basehttp "GET /bicicletas/ HTTP/1.1" 302 0
INFO 2026-10-02 00:40:58,360 basehttp "GET /bicicletas/ HTTP/1.1" 302 0
INFO 2026-10-02 00:40:58,381 basehttp "GET /bicicletas/ HTTP/1.1" 302 0
INFO 2026-10-02 00:40:58,400 basehttp "GET /bicicletas/ HTTP/1.1" 302 0
INFO 2026-10-02 00:40:58,418 basehttp "GET /bicicletas/ HTTP/1.1" 302 0
INFO 2026-10-02 00:40:58,452 basehttp "GET /bicicletas/ HTTP/1.1" 302 0
INFO 2026-10-02 00:40:58,477 basehttp "GET /bicicletas/ HTTP/1.1" 302 0
INFO 2026-10-02 00:40:58,499 basehttp "GET /bicicletas/ HTTP/1.1" 302 0
INFO 2026-10-02 00:40:58,517 basehttp "GET /bicicletas/ HTTP/1.1" 302 0
INFO 2026-10-02 00:40:58,530 basehttp "GET /bicicletas/ HTTP/1.1" 302 0
INFO 2026-10-02 00:40:58,545 basehttp "GET /bicicletas/ HTTP/1.1" 302 0
INFO 2026-10-02 00:40:58,561 basehttp "GET /bicicletas/ HTTP/1.1" 302 0
INFO 2026-10-02 00:41:03,606 basehttp "GET /bicicletas/ HTTP/1.1" 302 0
INFO 2026-10-02 00:41:03,638 basehttp "GET /bicicletas/ HTTP/1.1" 302 0
INFO 2026-10-02 00:41:03,669 basehttp "GET /bicicletas/ HTTP/1.1" 302 0
INFO 2026-10-02 00:41:03,699 basehttp "GET /bicicletas/ HTTP/1.1" 302 0
INFO 2026-10-02 00:41:03,713 basehttp "GET /bicicletas/ HTTP/1.1" 302 0
INFO 2026-10-02 00:41:03,734 basehttp "GET /bicicletas/ HTTP/1.1" 302 0
INFO 2026-10-02 00:41:03,757 basehttp "GET /bicicletas/ HTTP/1.1" 302 0
INFO 2026-10-02 00:41:03,775 basehttp "GET /bicicletas/ HTTP/1.1" 302 0
INFO 2026-10-02 00:41:03,791 basehttp "GET /bicicletas/ HTTP/1.1" 302 0
INFO 2026-10-02 00:41:03,810 basehttp "GET /bicicletas/ HTTP/1.1" 302 0
INFO 2026-10-02 00:41:03,829 basehttp "GET /bicicletas/ HTTP/1.1" 302 0
INFO 2026-10-02 00:41:03,847 basehttp "GET /bicicletas/ HTTP/1.1" 302 0
INFO 2026-10-02 00:41:03,867 basehttp "GET /bicicletas/ HTTP/1.1" 302 0
INFO 2026-10-02 00:41:03,915 basehttp "GET /bicicletas/ HTTP/1.1" 302 0
INFO 2026-10-02 00:41:03,937 basehttp "GET /bicicletas/ HTTP/1.1" 302 0
INFO 2026-10-02 00:41:03,969 basehttp "GET /bicicletas/ HTTP/1.1" 302 0
INFO 2026-10-02 00:41:03,988 basehttp "GET /bicicletas/ HTTP/1.1" 302 0
INFO 2026-10-02 00:41:04,021 basehttp "GET /bicicletas/ HTTP/1.1" 302 0
INFO 2026-10-02 00:41:04,040 basehttp "GET /bicicletas/ HTTP/1.1" 302 0
INFO 2026-10-02 00:41:04,070 basehttp "GET /bicicletas/ HTTP/1.1" 302 0
INFO 2026-10-02 00:41:51,457 basehttp "GET /bicicletas/ HTTP/1.1" 302 0
INFO 2026-10-02 00:41:51,487 basehttp "GET /bicicletas/ HTTP/1.1" 302 0
INFO 2026-10-02 00:41:51,518 basehttp "GET /bicicletas/ HTTP/1.1" 302 0
INFO 2026-10-02 00:41:51,556 basehttp "GET /bicicletas/ HTTP/1.1" 302 0
INFO 2026-10-02 00:41:51,580 basehttp "GET /bicicletas/ HTTP/1.1" 302 0
INFO 2026-10-02 00:41:51,603 basehttp "GET /bicicletas/ HTTP/1.1" 302 0
INFO 2026-10-02 00:41:51,633 basehttp "GET /bicicletas/ HTTP/1.1" 302 0
INFO 2026-10-02 00:41:51,653 basehttp "GET /bicicletas/ HTTP/1.1" 302 0
INFO 2026-10-02 00:41:51,700 basehttp "GET /bicicletas/ HTTP/1.1" 302 0
INFO 2026-10-02 00:41:51,728 basehttp "GET /bicicletas/ HTTP/1.1" 302 0
INFO 2026-10-02 00:41:51,753 basehttp "GET /bicicletas/ HTTP/1.1" 302 0
INFO 2026-10-02 00:41:51,774 basehttp "GET /bicicletas/ HTTP/1.1" 302 0
INFO 2026-10-02 00:41:51,797 basehttp "GET /bicicletas/ HTTP/1.1" 302 0
INFO 2026-10-02 00:41:51,817 basehttp "GET /bicicletas/ HTTP/1.1" 302 0
INFO 2026-10-02 00:41:51,837 basehttp "GET /bicicletas/ HTTP/1.1" 302 0
INFO 2026-10-02 00:41:51,864 basehttp "GET /bicicletas/ HTTP/1.1" 302 0
INFO 2026-10-02 00:41:51,917 basehttp "GET /bicicletas/ HTTP/1.1" 302 0
INFO 2026-10-02 00:41:51,938 basehttp "GET /bicicletas/ HTTP/1.1" 302 0
INFO 2026-10-02 00:41:51,983 basehttp "GET /bicicletas/ HTTP/1.1" 302 0
INFO 2026-10-02 00:41:52,014 basehttp "GET /bicicletas/ HTTP/1.1" 302 0
INFO 2026-10-02 00:41:53,894 basehttp "GET /login/ HTTP/1.1" 302 0
INFO 2026-10-02 00:41:54,770 basehttp "GET /login/ HTTP/1.1" 302 0
INFO 2026-10-02 00:41:55,918 basehttp "GET /bicicletas/ HTTP/1.1" 302 0
INFO 2026-10-02 00:41:55,956 basehttp "GET /bicicletas/ HTTP/1.1" 302 0
INFO 2026-10-02 00:41:56,016 basehttp "GET /bicicletas/ HTTP/1.1" 302 0
INFO 2026-10-02 00:41:56,045 basehttp "GET /bicicletas/ HTTP/1.1" 302 0
INFO 2026-10-02 00:41:56,070 basehttp "GET /bicicletas/ HTTP/1.1" 302 0
INFO 2026-10-02 00:41:56,177 basehttp "GET /bicicletas/ HTTP/1.1" 302 0
INFO 2026-10-02 00:41:56,212 basehttp "GET /bicicletas/ HTTP/1.1" 302 0
INFO 2026-10-02 00:41:56,233 basehttp "GET /bicicletas/ HTTP/1.1" 302 0
INFO 2026-10-02 00:41:56,257 basehttp "GET /bicicletas/ HTTP/1.1" 302 0
INFO 2026-10-02 00:41:56,315 basehttp "GET /bicicletas/ HTTP/1.1" 302 0
INFO 2026-10-02 00:41:56,340 basehttp "GET /bicicletas/ HTTP/1.1" 302 0
INFO 2026-10-02 00:41:56,373 basehttp "GET /bicicletas/ HTTP/1.1" 302 0
INFO 2026-10-02 00:41:56,391 basehttp "GET /bicicletas/ HTTP/1.1" 302 0
INFO 2026-10-02 00:41:56,410 basehttp "GET /bicicletas/ HTTP/1.1" 302 0
INFO 2026-10-02 00:41:56,433 basehttp "GET /bicicletas/ HTTP/1.1" 302 0
INFO 2026-10-02 00:41:56,464 basehttp "GET /bicicletas/ HTTP/1.1" 302 0
INFO 2026-10-02 00:41:56,495 basehttp "GET /bicicletas/ HTTP/1.1" 302 0
INFO 2026-10-02 00:41:56,524 basehttp "GET /bicicletas/ HTTP/1.1" 302 0
INFO 2026-10-02 00:41:56,546 basehttp "GET /bicicletas/ HTTP/1.1" 302 0
INFO 2026-10-02 00:41:56,568 basehttp "GET /bicicletas/ HTTP/1.1" 302 0
INFO 2026-10-02 00:41:58,082 basehttp "GET /bicicletas/ HTTP/1.1" 302 0
INFO 2026-10-02 00:41:58,112 basehttp "GET /bicicletas/ HTTP/1.1" 302 0
INFO 2026-10-02 00:41:58,133 basehttp "GET /bicicletas/ HTTP/1.1" 302 0
INFO 2026-10-02 00:41:58,162 basehttp "GET /bicicletas/ HTTP/1.1" 302 0
INFO 2026-10-02 00:41:58,201 basehttp "GET /bicicletas/ HTTP/1.1" 302 0
INFO 2026-10-02 00:41:58,220 basehttp "GET /bicicletas/ HTTP/1.1" 302 0
INFO 2026-10-02 00:41:58,243 basehttp "GET /bicicletas/ HTTP/1.1" 302 0
INFO 2026-10-02 00:41:58,265 basehttp "GET /bicicletas/ HTTP/1.1" 302 0
INFO 2026-10-02 00:41:58,345 basehttp "GET /bicicletas/ HTTP/1.1" 302 0
INFO 2026-10-02 00:41:58,385 basehttp "GET /bicicletas/ HTTP/1.1" 302 0
INFO 2026-10-02 00:41:58,407 basehttp "GET /bicicletas/ HTTP/1.1" 302 0
INFO 2026-10-02 00:41:58,430 basehttp "GET /bicicletas/ HTTP/1.1" 302 0
INFO 2026-10-02 00:41:58,467 basehttp "GET /bicicletas/ HTTP/1.1" 302 0
INFO 2026-10-02 00:41:58,496 basehttp "GET /bicicletas/ HTTP/1.1" 302 0
INFO 2026-10-02 00:41:58,523 basehttp "GET /bicicletas/ HTTP/1.1" 302 0
INFO 2026-10-02 00:41:58,546 basehttp "GET /bicicletas/ HTTP/1.1" 302 0
INFO 2026-10-02 00:41:58,567 basehttp "GET /bicicletas/ HTTP/1.1" 302 0
INFO 2026-10-02 00:41:58,591 basehttp "GET /bicicletas/ HTTP/1.1" 302 0
INFO 2026-10-02 00:41:58,617 basehttp "GET /bicicletas/ HTTP/1.1" 302 0
INFO 2026-10-02 00:41:58,638 basehttp "GET /bicicletas/ HTTP/1.1" 302 0
INFO 2026-10-02 00:41:58,856 basehttp "GET /bicicletas/ HTTP/1.1" 302 0
INFO 2026-10-02 00:41:58,972 basehttp - Broken pipe from ('127.0.0.1', 58665)
INFO 2026-10-02 00:41:59,005 basehttp "GET /bicicletas/ HTTP/1.1" 302 0
INFO 2026-10-02 00:41:59,036 basehttp "GET /bicicletas/ HTTP/1.1" 302 0
INFO 2026-10-02 00:41:59,063 basehttp "GET /bicicletas/ HTTP/1.1" 302 0
INFO 2026-10-02 00:41:59,166 basehttp "GET /bicicletas/ HTTP/1.1" 302 0
INFO 2026-10-02 00:41:59,197 basehttp "GET /bicicletas/ HTTP/1.1" 302 0
INFO 2026-10-02 00:41:59,282 basehttp "GET /bicicletas/ HTTP/1.1" 302 0
INFO 2026-10-02 00:41:59,316 basehttp "GET /bicicletas/ HTTP/1.1" 302 0
INFO 2026-10-02 00:41:59,541 basehttp "GET /bicicletas/ HTTP/1.1" 302 0
INFO 2026-10-02 00:41:59,615 basehttp "GET /bicicletas/ HTTP/1.1" 302 0
INFO 2026-10-02 00:41:59,656 basehttp "GET /bicicletas/ HTTP/1.1" 302 0
INFO 2026-10-02 00:41:59,694 basehttp "GET /bicicletas/ HTTP/1.1" 302 0
INFO 2026-10-02 00:41:59,717 basehttp "GET /bicicletas/ HTTP/1.1" 302 0
INFO 2026-10-02 00:41:59,755 basehttp "GET /bicicletas/ HTTP/1.1" 302 0
INFO 2026-10-02 00:41:59,784 basehttp "GET /bicicletas/ HTTP/1.1" 302 0
INFO 2026-10-02 00:41:59,807 basehttp "GET /bicicletas/ HTTP/1.1" 302 0
INFO 2026-10-02 00:41:59,831 basehttp "GET /bicicletas/ HTTP/1.1" 302 0
INFO 2026-10-02 00:41:59,857 basehttp "GET /bicicletas/ HTTP/1.1" 302 0
INFO 2026-10-02 00:41:59,898 basehttp "GET /bicicletas/ HTTP/1.1" 302 0
INFO 2026-10-02 00:41:59,928 basehttp "GET /bicicletas/ HTTP/1.1" 302 0
INFO 2026-10-02 00:41:59,958 basehttp "GET /bicicletas/ HTTP/1.1" 302 0
INFO 2026-10-02 00:41:59,984 basehttp "GET /bicicletas/ HTTP/1.1" 302 0
INFO 2026-10-02 00:42:00,007 basehttp "GET /bicicletas/ HTTP/1.1" 302 0
INFO 2026-10-02 00:42:00,078 basehttp "GET /bicicletas/ HTTP/1.1" 302 0
INFO 2026-10-02 00:42:00,126 basehttp "GET /bicicletas/ HTTP/1.1" 302 0
INFO 2026-10-02 00:42:00,160 basehttp "GET /bicicletas/ HTTP/1.1" 302 0
INFO 2026-10-02 00:42:00,239 basehttp "GET /bicicletas/ HTTP/1.1" 302 0
INFO 2026-10-02 00:42:00,282 basehttp "GET /bicicletas/ HTTP/1.1" 302 0
INFO 2026-10-02 00:42:05,142 basehttp "GET /bicicletas/ HTTP/1.1" 302 0
INFO 2026-10-02 00:42:05,175 basehttp "GET /bicicletas/ HTTP/1.1" 302 0
INFO 2026-10-02 00:42:05,196 basehttp "GET /bicicletas/ HTTP/1.1" 302 0
INFO 2026-10-02 00:42:05,217 basehttp "GET /bicicletas/ HTTP/1.1" 302 0
INFO 2026-10-02 00:42:05,238 basehttp "GET /bicicletas/ HTTP/1.1" 302 0
INFO 2026-10-02 00:42:05,256 basehttp "GET /bicicletas/ HTTP/1.1" 302 0
INFO 2026-10-02 00:42:05,273 basehttp "GET /bicicletas/ HTTP/1.1" 302 0
INFO 2026-10-02 00:42:05,294 basehttp "GET /bicicletas/ HTTP/1.1" 302 0
INFO 2026-10-02 00:42:05,311 basehttp "GET /bicicletas/ HTTP/1.1" 302 0
INFO 2026-10-02 00:42:05,327 basehttp "GET /bicicletas/ HTTP/1.1" 302 0
INFO 2026-10-02 00:42:05,341 basehttp "GET /bicicletas/ HTTP/1.1" 302 0
INFO 2026-10-02 00:42:05,356 basehttp "GET /bicicletas/ HTTP/1.1" 302 0
INFO 2026-10-02 00:42:05,374 basehttp "GET /bicicletas/ HTTP/1.1" 302 0
INFO 2026-10-02 00:42:05,389 basehttp "GET /bicicletas/ HTTP/1.1" 302 0
INFO 2026-10-02 00:42:05,408 basehttp "GET /bicicletas/ HTTP/1.1" 302 0
INFO 2026-10-02 00:42:05,428 basehttp "GET /bicicletas/ HTTP/1.1" 302 0
INFO 2026-10-02 00:42:05,449 basehttp "GET /bicicletas/ HTTP/1.1" 302 0
INFO 2026-10-02 00:42:05,467 basehttp "GET /bicicletas/ HTTP/1.1" 302 0
INFO 2026-10-02 00:42:05,481 basehttp "GET /bicicletas/ HTTP/1.1" 302 0
INFO 2026-10-02 00:42:05,495 basehttp "GET /bicicletas/ HTTP/1.1" 302 0
INFO 2026-10-02 00:42:10,571 basehttp "GET /bicicletas/ HTTP/1.1" 302 0
INFO 2026-10-02 00:42:10,600 basehttp "GET /bicicletas/ HTTP/1.1" 302 0
INFO 2026-10-02 00:42:10,625 basehttp "GET /bicicletas/ HTTP/1.1" 302 0
INFO 2026-10-02 00:42:10,641 basehttp "GET /bicicletas/ HTTP/1.1" 302 0
INFO 2026-10-02 00:42:10,667 basehttp "GET /bicicletas/ HTTP/1.1" 302 0
INFO 2026-10-02 00:42:10,685 basehttp "GET /bicicletas/ HTTP/1.1" 302 0
INFO 2026-10-02 00:42:10,703 basehttp "GET /bicicletas/ HTTP/1.1" 302 0
INFO 2026-10-02 00:42:10,719 basehttp "GET /bicicletas/ HTTP/1.1" 302 0
INFO 2026-10-02 00:42:10,736 basehttp "GET /bicicletas/ HTTP/1.1" 302 0
INFO 2026-10-02 00:42:10,751 basehttp "GET /bicicletas/ HTTP/1.1" 302 0
INFO 2026-10-02 00:42:10,766 basehttp "GET /bicicletas/ HTTP/1.1" 302 0
INFO 2026-10-02 00:42:10,782 basehttp "GET /bicicletas/ HTTP/1.1" 302 0
INFO 2026-10-02 00:42:10,801 basehttp "GET /bicicletas/ HTTP/1.1" 302 0
INFO 2026-10-02 00:42:10,823 basehttp "GET /bicicletas/ HTTP/1.1" 302 0
INFO 2026-10-02 00:42:10,842 basehttp "GET /bicicletas/ HTTP/1.1" 302 0
INFO 2026-10-02 00:42:10,861 basehttp "GET /bicicletas/ HTTP/1.1" 302 0
INFO 2026-10-02 00:42:10,880 basehttp "GET /bicicletas/ HTTP/1.1" 302 0
INFO 2026-10-02 00:42:10,894 basehttp "GET /bicicletas/ HTTP/1.1" 302 0
INFO 2026-10-02 00:42:10,907 basehttp "GET /bicicletas/ HTTP/1.1" 302 0
INFO 2026-10-02 00:42:10,932 basehttp "GET /bicicletas/ HTTP/1.1" 302 0
INFO 2026-10-02 00:42:24,538 basehttp "GET /login/ HTTP/1.1" 302 0
INFO 2026-10-02 00:42:24,557 basehttp "GET /bicicletas/ HTTP/1.1" 302 0
INFO 2026-10-02 00:42:24,574 basehttp "GET /bicicletas/ HTTP/1.1" 302 0
INFO 2026-10-02 00:42:24,589 basehttp "GET /bicicletas/ HTTP/1.1" 302 0
INFO 2026-10-02 00:42:24,604 basehttp "GET /bicicletas/ HTTP/1.1" 302 0
INFO 2026-10-02 00:42:24,622 basehttp "GET /bicicletas/ HTTP/1.1" 302 0
INFO 2026-10-02 00:42:24,638 basehttp "GET /bicicletas/ HTTP/1.1" 302 0
INFO 2026-10-02 00:42:24,650 basehttp "GET /bicicletas/ HTTP/1.1" 302 0
INFO 2026-10-02 00:42:24,662 basehttp "GET /bicicletas/ HTTP/1.1" 302 0
INFO 2026-10-02 00:42:24,674 basehttp "GET /bicicletas/ HTTP/1.1" 302 0
INFO 2026-10-02 00:42:24,689 basehttp "GET /bicicletas/ HTTP/1.1" 302 0
INFO 2026-10-02 00:42:24,705 basehttp "GET /bicicletas/ HTTP/1.1" 302 0
INFO 2026-10-02 00:42:24,717 basehttp "GET /bicicletas/ HTTP/1.1" 302 0
INFO 2026-10-02 00:42:24,729 basehttp "GET /bicicletas/ HTTP/1.1" 302 0
INFO 2026-10-02 00:42:24,741 basehttp "GET /bicicletas/ HTTP/1.1" 302 0
INFO 2026-10-02 00:42:24,759 basehttp "GET /bicicletas/ HTTP/1.1" 302 0
INFO 2026-10-02 00:42:24,777 basehttp "GET /bicicletas/ HTTP/1.1" 302 0
INFO 2026-10-02 00:42:24,793 basehttp "GET /bicicletas/ HTTP/1.1" 302 0
INFO 2026-10-02 00:42:24,807 basehttp "GET /bicicletas/ HTTP/1.1" 302 0
INFO 2026-10-02 00:42:24,822 basehttp "GET /bicicletas/ HTTP/1.1" 302 0
INFO 2026-10-02 00:42:25,585 basehttp "GET /bicicletas/ HTTP/1.1" 302 0
INFO 2026-10-02 00:42:25,604 basehttp "GET /bicicletas/ HTTP/1.1" 302 0
INFO 2026-10-02 00:42:25,620 basehttp "GET /bicicletas/ HTTP/1.1" 302 0
INFO 2026-10-02 00:42:25,637 basehttp "GET /bicicletas/ HTTP/1.1" 302 0
INFO 2026-10-02 00:42:25,651 basehttp "GET /bicicletas/ HTTP/1.1" 302 0
INFO 2026-10-02 00:42:25,666 basehttp "GET /bicicletas/ HTTP/1.1" 302 0
INFO 2026-10-02 00:42:25,680 basehttp "GET /bicicletas/ HTTP/1.1" 302 0
INFO 2026-10-02 00:42:25,692 basehttp "GET /bicicletas/ HTTP/1.1" 302 0
INFO 2026-10-02 00:42:25,710 basehttp "GET /bicicletas/ HTTP/1.1" 302 0
INFO 2026-10-02 00:42:25,724 basehttp "GET /bicicletas/ HTTP/1.1" 302 0
INFO 2026-10-02 00:42:25,736 basehttp "GET /bicicletas/ HTTP/1.1" 302 0
INFO 2026-10-02 00:42:25,749 basehttp "GET /bicicletas/ HTTP/1.1" 302 0
INFO 2026-10-02 00:42:25,765 basehttp "GET /bicicletas/ HTTP/1.1" 302 0
INFO 2026-10-02 00:42:25,782 basehttp "GET /bicicletas/ HTTP/1.1" 302 0
INFO 2026-10-02 00:42:25,807 basehttp "GET /bicicletas/ HTTP/1.1" 302 0
INFO 2026-10-02 00:42:25,824 basehttp "GET /bicicletas/ HTTP/1.1" 302 0
INFO 2026-10-02 00:42:25,841 basehttp "GET /bicicletas/ HTTP/1.1" 302 0
INFO 2026-10-02 00:42:25,855 basehttp "GET /bicicletas/ HTTP/1.1" 302 0
INFO 2026-10-02 00:42:25,867 basehttp "GET /bicicletas/ HTTP/1.1" 302 0
INFO 2026-10-02 00:42:25,881 basehttp "GET /bicicletas/ HTTP/1.1" 302 0
INFO 2026-10-02 00:42:26,943 basehttp "GET /bicicletas/ HTTP/1.1" 302 0
INFO 2026-10-02 00:42:26,969 basehttp "GET /bicicletas/ HTTP/1.1" 302 0
INFO 2026-10-02 00:42:26,990 basehttp "GET /bicicletas/ HTTP/1.1" 302 0
INFO 2026-10-02 00:42:27,018 basehttp "GET /bicicletas/ HTTP/1.1" 302 0
INFO 2026-10-02 00:42:27,067 basehttp "GET /bicicletas/ HTTP/1.1" 302 0
INFO 2026-10-02 00:42:27,087 basehttp "GET /bicicletas/ HTTP/1.1" 302 0
INFO 2026-10-02 00:42:27,102 basehttp "GET /bicicletas/ HTTP/1.1" 302 0
INFO 2026-10-02 00:42:27,118 basehttp "GET /bicicletas/ HTTP/1.1" 302 0
INFO 2026-10-02 00:42:27,135 basehttp "GET /bicicletas/ HTTP/1.1" 302 0
INFO 2026-10-02 00:42:27,152 basehttp "GET /bicicletas/ HTTP/1.1" 302 0
INFO 2026-10-02 00:42:27,166 basehttp "GET /bicicletas/ HTTP/1.1" 302 0
INFO 2026-10-02 00:42:27,179 basehttp "GET /bicicletas/ HTTP/1.1" 302 0
INFO 2026-10-02 00:42:27,201 basehttp "GET /bicicletas/ HTTP/1.1" 302 0
INFO 2026-10-02 00:42:27,231 basehttp "GET /bicicletas/ HTTP/1.1" 302 0
INFO 2026-10-02 00:42:27,248 basehttp "GET /bicicletas/ HTTP/1.1" 302 0
INFO 2026-10-02 00:42:27,260 basehttp "GET /bicicletas/ HTTP/1.1" 302 0
INFO 2026-10-02 00:42:27,272 basehttp "GET /bicicletas/ HTTP/1.1" 302 0
INFO 2026-10-02 00:42:27,286 basehttp "GET /bicicletas/ HTTP/1.1" 302 0
INFO 2026-10-02 00:42:27,298 basehttp "GET /bicicletas/ HTTP/1.1" 302 0
INFO 2026-10-02 00:42:27,311 basehttp "GET /bicicletas/ HTTP/1.1" 302 0
INFO 2026-10-02 00:42:30,007 basehttp "GET / HTTP/1.1" 302 0
INFO 2026-10-02 00:42:30,031 basehttp "GET /bicicletas/ HTTP/1.1" 302 0
INFO 2026-10-02 00:42:30,049 basehttp "GET /bicicletas/ HTTP/1.1" 302 0
INFO 2026-10-02 00:42:30,064 basehttp "GET /bicicletas/ HTTP/1.1" 302 0
INFO 2026-10-02 00:42:30,077 basehttp "GET /bicicletas/ HTTP/1.1" 302 0
INFO 2026-10-02 00:42:30,100 basehttp "GET /bicicletas/ HTTP/1.1" 302 0
INFO 2026-10-02 00:42:30,115 basehttp "GET /bicicletas/ HTTP/1.1" 302 0
INFO 2026-10-02 00:42:30,126 basehttp "GET /bicicletas/ HTTP/1.1" 302 0
INFO 2026-10-02 00:42:30,140 basehttp "GET /bicicletas/ HTTP/1.1" 302 0
INFO 2026-10-02 00:42:30,168 basehttp "GET /bicicletas/ HTTP/1.1" 302 0
INFO 2026-10-02 00:42:30,192 basehttp "GET /bicicletas/ HTTP/1.1" 302 0
INFO 2026-10-02 00:42:30,219 basehttp "GET /bicicletas/ HTTP/1.1" 302 0
INFO 2026-10-02 00:42:30,234 basehttp "GET /bicicletas/ HTTP/1.1" 302 0
INFO 2026-10-02 00:42:30,246 basehttp "GET /bicicletas/ HTTP/1.1" 302 0
INFO 2026-10-02 00:42:30,259 basehttp "GET /bicicletas/ HTTP/1.1" 302 0
INFO 2026-10-02 00:42:30,272 basehttp "GET /bicicletas/ HTTP/1.1" 302 0
INFO 2026-10-02 00:42:30,285 basehttp "GET /bicicletas/ HTTP/1.1" 302 0
INFO 2026-10-02 00:42:30,301 basehttp "GET /bicicletas/ HTTP/1.1" 302 0
INFO 2026-10-02 00:42:30,318 basehttp "GET /bicicletas/ HTTP/1.1" 302 0
INFO 2026-10-02 00:42:30,333 basehttp "GET /bicicletas/ HTTP/1.1" 302 0
INFO 2026-10-02 00:42:32,349 basehttp "GET /bicicletas/ HTTP/1.1" 302 0
INFO 2026-10-02 00:42:32,378 basehttp "GET /bicicletas/ HTTP/1.1" 302 0
INFO 2026-10-02 00:42:32,395 basehttp "GET /bicicletas/ HTTP/1.1" 302 0
INFO 2026-10-02 00:42:32,417 basehttp "GET /bicicletas/ HTTP/1.1" 302 0
INFO 2026-10-02 00:42:32,431 basehttp "GET /bicicletas/ HTTP/1.1" 302 0
INFO 2026-10-02 00:42:32,446 basehttp "GET /bicicletas/ HTTP/1.1" 302 0
INFO 2026-10-02 00:42:32,459 basehttp "GET /bicicletas/ HTTP/1.1" 302 0
INFO 2026-10-02 00:42:32,475 basehttp "GET /bicicletas/ HTTP/1.1" 302 0
INFO 2026-10-02 00:42:32,490 basehttp "GET /bicicletas/ HTTP/1.1" 302 0
INFO 2026-10-02 00:42:32,505 basehttp "GET /bicicletas/ HTTP/1.1" 302 0
INFO 2026-10-02 00:42:32,519 basehttp "GET /bicicletas/ HTTP/1.1" 302 0
INFO 2026-10-02 00:42:32,535 basehttp "GET /bicicletas/ HTTP/1.1" 302 0
INFO 2026-10-02 00:42:32,550 basehttp "GET /bicicletas/ HTTP/1.1" 302 0
INFO 2026-10-02 00:42:32,569 basehttp "GET /bicicletas/ HTTP/1.1" 302 0
INFO 2026-10-02 00:42:32,583 basehttp "GET /bicicletas/ HTTP/1.1" 302 0
INFO 2026-10-02 00:42:32,601 basehttp "GET /bicicletas/ HTTP/1.1" 302 0
INFO 2026-10-02 00:42:32,617 basehttp "GET /bicicletas/ HTTP/1.1" 302 0
INFO 2026-10-02 00:42:32,630 basehttp "GET /bicicletas/ HTTP/1.1" 302 0
INFO 2026-10-02 00:42:32,641 basehttp "GET /bicicletas/ HTTP/1.1" 302 0
INFO 2026-10-02 00:42:32,654 basehttp "GET /bicicletas/ HTTP/1.1" 302 0
INFO 2026-10-02 00:42:34,767 basehttp "GET /admin/ HTTP/1.1" 200 5639
INFO 2026-10-02 00:42:35,387 basehttp "GET /static/admin/css/dark_mode.css HTTP/1.1" 200 2929
INFO 2026-10-02 00:42:35,409 basehttp "GET /static/admin/css/nav_sidebar.css HTTP/1.1" 200 2694
INFO 2026-10-02 00:42:35,418 basehttp "GET /static/admin/css/dashboard.css HTTP/1.1" 200 441
INFO 2026-10-02 00:42:35,450 basehttp "GET /static/admin/css/base.css HTTP/1.1" 200 21310
INFO 2026-10-02 00:42:35,469 basehttp "GET /static/admin/css/responsive.css HTTP/1.1" 200 18559
INFO 2026-10-02 00:42:35,519 basehttp "GET /static/admin/img/icon-changelink.svg HTTP/1.1" 200 380
INFO 2026-10-02 00:42:35,520 basehttp "GET /static/admin/js/nav_sidebar.js HTTP/1.1" 200 3063
INFO 2026-10-02 00:42:35,523 basehttp "GET /static/admin/img/icon-addlink.svg HTTP/1.1" 200 331
INFO 2026-10-02 00:42:35,527 basehttp "GET /static/admin/js/theme.js HTTP/1.1" 200 1943
ERROR 2026-10-02 00:42:44,831 log Internal Server Error: /admin/auth/user/
Traceback (most recent call last):
  File "C:\Users\Aty\Desktop\tienda_bicicletas\venv\Lib\site-packages\django\core\handlers\exception.py", line 55, in inner
    response = get_response(request)
  File "C:\Users\Aty\Desktop\tienda_bicicletas\venv\Lib\site-packages\django\core\handlers\base.py", line 220, in _get_response
    response = response.render()
  File "C:\Users\Aty\Desktop\tienda_bicicletas\venv\Lib\site-packages\django\template\response.py", line 114, in render
    self.content = self.rendered_content
                   ^^^^^^^^^^^^^^^^^^^^^
  File "C:\Users\Aty\Desktop\tienda_bicicletas\venv\Lib\site-packages\django\template\response.py", line 92, in rendered_content
    return template.render(context, self._request)
           ~~~~~~~~~~~~~~~^^^^^^^^^^^^^^^^^^^^^^^^
  File "C:\Users\Aty\Desktop\tienda_bicicletas\venv\Lib\site-packages\django\template\backends\django.py", line 61, in render
    return self.template.render(context)
           ~~~~~~~~~~~~~~~~~~~~^^^^^^^^^
  File "C:\Users\Aty\Desktop\tienda_bicicletas\venv\Lib\site-packages\django\template\base.py", line 175, in render
    return self._render(context)
           ~~~~~~~~~~~~^^^^^^^^^
  File "C:\Users\Aty\Desktop\tienda_bicicletas\venv\Lib\site-packages\django\template\base.py", line 167, in _render
    return self.nodelist.render(context)
           ~~~~~~~~~~~~~~~~~~~~^^^^^^^^^
  File "C:\Users\Aty\Desktop\tienda_bicicletas\venv\Lib\site-packages\django\template\base.py", line 1005, in render
    return SafeString("".join([node.render_annotated(context) for node in self]))
                               ~~~~~~~~~~~~~~~~~~~~~^^^^^^^^^
  File "C:\Users\Aty\Desktop\tienda_bicicletas\venv\Lib\site-packages\django\template\base.py", line 966, in render_annotated
    return self.render(context)
           ~~~~~~~~~~~^^^^^^^^^
  File "C:\Users\Aty\Desktop\tienda_bicicletas\venv\Lib\site-packages\django\template\loader_tags.py", line 157, in render
    return compiled_parent._render(context)
           ~~~~~~~~~~~~~~~~~~~~~~~^^^^^^^^^
  File "C:\Users\Aty\Desktop\tienda_bicicletas\venv\Lib\site-packages\django\template\base.py", line 167, in _render
    return self.nodelist.render(context)
           ~~~~~~~~~~~~~~~~~~~~^^^^^^^^^
  File "C:\Users\Aty\Desktop\tienda_bicicletas\venv\Lib\site-packages\django\template\base.py", line 1005, in render
    return SafeString("".join([node.render_annotated(context) for node in self]))
                               ~~~~~~~~~~~~~~~~~~~~~^^^^^^^^^
  File "C:\Users\Aty\Desktop\tienda_bicicletas\venv\Lib\site-packages\django\template\base.py", line 966, in render_annotated
    return self.render(context)
           ~~~~~~~~~~~^^^^^^^^^
  File "C:\Users\Aty\Desktop\tienda_bicicletas\venv\Lib\site-packages\django\template\loader_tags.py", line 157, in render
    return compiled_parent._render(context)
           ~~~~~~~~~~~~~~~~~~~~~~~^^^^^^^^^
  File "C:\Users\Aty\Desktop\tienda_bicicletas\venv\Lib\site-packages\django\template\base.py", line 167, in _render
    return self.nodelist.render(context)
           ~~~~~~~~~~~~~~~~~~~~^^^^^^^^^
  File "C:\Users\Aty\Desktop\tienda_bicicletas\venv\Lib\site-packages\django\template\base.py", line 1005, in render
    return SafeString("".join([node.render_annotated(context) for node in self]))
                               ~~~~~~~~~~~~~~~~~~~~~^^^^^^^^^
  File "C:\Users\Aty\Desktop\tienda_bicicletas\venv\Lib\site-packages\django\template\base.py", line 966, in render_annotated
    return self.render(context)
           ~~~~~~~~~~~^^^^^^^^^
  File "C:\Users\Aty\Desktop\tienda_bicicletas\venv\Lib\site-packages\django\template\loader_tags.py", line 63, in render
    result = block.nodelist.render(context)
  File "C:\Users\Aty\Desktop\tienda_bicicletas\venv\Lib\site-packages\django\template\base.py", line 1005, in render
    return SafeString("".join([node.render_annotated(context) for node in self]))
                               ~~~~~~~~~~~~~~~~~~~~~^^^^^^^^^
  File "C:\Users\Aty\Desktop\tienda_bicicletas\venv\Lib\site-packages\django\template\base.py", line 966, in render_annotated
    return self.render(context)
           ~~~~~~~~~~~^^^^^^^^^
  File "C:\Users\Aty\Desktop\tienda_bicicletas\venv\Lib\site-packages\django\template\loader_tags.py", line 63, in render
    result = block.nodelist.render(context)
  File "C:\Users\Aty\Desktop\tienda_bicicletas\venv\Lib\site-packages\django\template\base.py", line 1005, in render
    return SafeString("".join([node.render_annotated(context) for node in self]))
                               ~~~~~~~~~~~~~~~~~~~~~^^^^^^^^^
  File "C:\Users\Aty\Desktop\tienda_bicicletas\venv\Lib\site-packages\django\template\base.py", line 966, in render_annotated
    return self.render(context)
           ~~~~~~~~~~~^^^^^^^^^
  File "C:\Users\Aty\Desktop\tienda_bicicletas\venv\Lib\site-packages\django\template\loader_tags.py", line 63, in render
    result = block.nodelist.render(context)
  File "C:\Users\Aty\Desktop\tienda_bicicletas\venv\Lib\site-packages\django\template\base.py", line 1005, in render
    return SafeString("".join([node.render_annotated(context) for node in self]))
                               ~~~~~~~~~~~~~~~~~~~~~^^^^^^^^^
  File "C:\Users\Aty\Desktop\tienda_bicicletas\venv\Lib\site-packages\django\template\base.py", line 966, in render_annotated
    return self.render(context)
           ~~~~~~~~~~~^^^^^^^^^
  File "C:\Users\Aty\Desktop\tienda_bicicletas\venv\Lib\site-packages\django\contrib\admin\templatetags\base.py", line 45, in render
    return super().render(context)
           ~~~~~~~~~~~~~~^^^^^^^^^
  File "C:\Users\Aty\Desktop\tienda_bicicletas\venv\Lib\site-packages\django\template\library.py", line 271, in render
    new_context = context.new(_dict)
  File "C:\Users\Aty\Desktop\tienda_bicicletas\venv\Lib\site-packages\django\template\context.py", line 265, in new
    new_context = super().new(values)
  File "C:\Users\Aty\Desktop\tienda_bicicletas\venv\Lib\site-packages\django\template\context.py", line 110, in new
    new_context = copy(self)
  File "C:\Python314\Lib\copy.py", line 82, in copy
    return copier(x)
  File "C:\Users\Aty\Desktop\tienda_bicicletas\venv\Lib\site-packages\django\template\context.py", line 158, in __copy__
    duplicate = super().__copy__()
  File "C:\Users\Aty\Desktop\tienda_bicicletas\venv\Lib\site-packages\django\template\context.py", line 39, in __copy__
    duplicate.dicts = self.dicts[:]
    ^^^^^^^^^^^^^^^
AttributeError: 'super' object has no attribute 'dicts' and no __dict__ for setting new attributes
ERROR 2026-10-02 00:42:44,846 basehttp "GET /admin/auth/user/ HTTP/1.1" 500 329686
INFO 2026-10-02 00:43:37,740 basehttp "GET /login/ HTTP/1.1" 200 3427
INFO 2026-10-02 00:43:41,988 basehttp "POST /login/ HTTP/1.1" 302 0
INFO 2026-10-02 00:43:42,000 basehttp "GET /bicicletas/ HTTP/1.1" 302 0
INFO 2026-10-02 00:43:42,011 basehttp "GET /bicicletas/ HTTP/1.1" 302 0
INFO 2026-10-02 00:43:42,024 basehttp "GET /bicicletas/ HTTP/1.1" 302 0
INFO 2026-10-02 00:43:42,037 basehttp "GET /bicicletas/ HTTP/1.1" 302 0
INFO 2026-10-02 00:43:42,050 basehttp "GET /bicicletas/ HTTP/1.1" 302 0
INFO 2026-10-02 00:43:42,062 basehttp "GET /bicicletas/ HTTP/1.1" 302 0
INFO 2026-10-02 00:43:42,075 basehttp "GET /bicicletas/ HTTP/1.1" 302 0
INFO 2026-10-02 00:43:42,088 basehttp "GET /bicicletas/ HTTP/1.1" 302 0
INFO 2026-10-02 00:43:42,101 basehttp "GET /bicicletas/ HTTP/1.1" 302 0
INFO 2026-10-02 00:43:42,115 basehttp "GET /bicicletas/ HTTP/1.1" 302 0
INFO 2026-10-02 00:43:42,129 basehttp "GET /bicicletas/ HTTP/1.1" 302 0
INFO 2026-10-02 00:43:42,142 basehttp "GET /bicicletas/ HTTP/1.1" 302 0
INFO 2026-10-02 00:43:42,154 basehttp "GET /bicicletas/ HTTP/1.1" 302 0
INFO 2026-10-02 00:43:42,165 basehttp "GET /bicicletas/ HTTP/1.1" 302 0
INFO 2026-10-02 00:43:42,178 basehttp "GET /bicicletas/ HTTP/1.1" 302 0
INFO 2026-10-02 00:43:42,194 basehttp "GET /bicicletas/ HTTP/1.1" 302 0
INFO 2026-10-02 00:43:42,206 basehttp "GET /bicicletas/ HTTP/1.1" 302 0
INFO 2026-10-02 00:43:42,218 basehttp "GET /bicicletas/ HTTP/1.1" 302 0
INFO 2026-10-02 00:43:42,229 basehttp "GET /bicicletas/ HTTP/1.1" 302 0
INFO 2026-10-02 00:43:43,494 basehttp "GET /bicicletas/ HTTP/1.1" 302 0
INFO 2026-10-02 00:43:43,514 basehttp "GET /bicicletas/ HTTP/1.1" 302 0
INFO 2026-10-02 00:43:43,537 basehttp "GET /bicicletas/ HTTP/1.1" 302 0
INFO 2026-10-02 00:43:43,557 basehttp "GET /bicicletas/ HTTP/1.1" 302 0
INFO 2026-10-02 00:43:43,573 basehttp "GET /bicicletas/ HTTP/1.1" 302 0
INFO 2026-10-02 00:43:43,590 basehttp "GET /bicicletas/ HTTP/1.1" 302 0
INFO 2026-10-02 00:43:43,611 basehttp "GET /bicicletas/ HTTP/1.1" 302 0
INFO 2026-10-02 00:43:43,628 basehttp "GET /bicicletas/ HTTP/1.1" 302 0
INFO 2026-10-02 00:43:43,653 basehttp "GET /bicicletas/ HTTP/1.1" 302 0
INFO 2026-10-02 00:43:43,684 basehttp "GET /bicicletas/ HTTP/1.1" 302 0
INFO 2026-10-02 00:43:43,752 basehttp "GET /bicicletas/ HTTP/1.1" 302 0
INFO 2026-10-02 00:43:43,770 basehttp "GET /bicicletas/ HTTP/1.1" 302 0
INFO 2026-10-02 00:43:43,790 basehttp "GET /bicicletas/ HTTP/1.1" 302 0
INFO 2026-10-02 00:43:43,808 basehttp "GET /bicicletas/ HTTP/1.1" 302 0
INFO 2026-10-02 00:43:43,829 basehttp "GET /bicicletas/ HTTP/1.1" 302 0
INFO 2026-10-02 00:43:43,848 basehttp "GET /bicicletas/ HTTP/1.1" 302 0
INFO 2026-10-02 00:43:43,875 basehttp "GET /bicicletas/ HTTP/1.1" 302 0
INFO 2026-10-02 00:43:43,896 basehttp "GET /bicicletas/ HTTP/1.1" 302 0
INFO 2026-10-02 00:43:43,915 basehttp "GET /bicicletas/ HTTP/1.1" 302 0
INFO 2026-10-02 00:43:43,930 basehttp "GET /bicicletas/ HTTP/1.1" 302 0
INFO 2026-10-02 00:43:48,994 basehttp "GET /bicicletas/ HTTP/1.1" 302 0
INFO 2026-10-02 00:43:49,015 basehttp "GET /bicicletas/ HTTP/1.1" 302 0
INFO 2026-10-02 00:43:49,037 basehttp "GET /bicicletas/ HTTP/1.1" 302 0
INFO 2026-10-02 00:43:49,058 basehttp "GET /bicicletas/ HTTP/1.1" 302 0
INFO 2026-10-02 00:43:49,077 basehttp "GET /bicicletas/ HTTP/1.1" 302 0
INFO 2026-10-02 00:43:49,113 basehttp "GET /bicicletas/ HTTP/1.1" 302 0
INFO 2026-10-02 00:43:49,154 basehttp "GET /bicicletas/ HTTP/1.1" 302 0
INFO 2026-10-02 00:43:49,173 basehttp "GET /bicicletas/ HTTP/1.1" 302 0
INFO 2026-10-02 00:43:49,193 basehttp "GET /bicicletas/ HTTP/1.1" 302 0
INFO 2026-10-02 00:43:49,219 basehttp "GET /bicicletas/ HTTP/1.1" 302 0
INFO 2026-10-02 00:43:49,237 basehttp "GET /bicicletas/ HTTP/1.1" 302 0
INFO 2026-10-02 00:43:49,260 basehttp "GET /bicicletas/ HTTP/1.1" 302 0
INFO 2026-10-02 00:43:49,282 basehttp "GET /bicicletas/ HTTP/1.1" 302 0
INFO 2026-10-02 00:43:49,307 basehttp "GET /bicicletas/ HTTP/1.1" 302 0
INFO 2026-10-02 00:43:49,324 basehttp "GET /bicicletas/ HTTP/1.1" 302 0
INFO 2026-10-02 00:43:49,344 basehttp "GET /bicicletas/ HTTP/1.1" 302 0
INFO 2026-10-02 00:43:49,378 basehttp "GET /bicicletas/ HTTP/1.1" 302 0
INFO 2026-10-02 00:43:49,396 basehttp "GET /bicicletas/ HTTP/1.1" 302 0
INFO 2026-10-02 00:43:49,415 basehttp "GET /bicicletas/ HTTP/1.1" 302 0
INFO 2026-10-02 00:43:49,436 basehttp "GET /bicicletas/ HTTP/1.1" 302 0
INFO 2026-10-02 00:47:08,906 autoreload C:\Users\Aty\Desktop\tienda_bicicletas\bicicletas\urls.py changed, reloading.
INFO 2026-10-02 00:47:15,765 autoreload Watching for file changes with StatReloader
INFO 2026-10-02 00:47:28,599 basehttp "GET /login/ HTTP/1.1" 200 3775
INFO 2026-10-02 00:47:32,487 basehttp "POST /login/ HTTP/1.1" 302 0
INFO 2026-10-02 00:47:32,505 basehttp "GET /bicicletas/ HTTP/1.1" 302 0
INFO 2026-10-02 00:47:32,522 basehttp "GET /bicicletas/ HTTP/1.1" 302 0
INFO 2026-10-02 00:47:32,536 basehttp "GET /bicicletas/ HTTP/1.1" 302 0
INFO 2026-10-02 00:47:32,547 basehttp "GET /bicicletas/ HTTP/1.1" 302 0
INFO 2026-10-02 00:47:32,559 basehttp "GET /bicicletas/ HTTP/1.1" 302 0
INFO 2026-10-02 00:47:32,575 basehttp "GET /bicicletas/ HTTP/1.1" 302 0
INFO 2026-10-02 00:47:32,588 basehttp "GET /bicicletas/ HTTP/1.1" 302 0
INFO 2026-10-02 00:47:32,601 basehttp "GET /bicicletas/ HTTP/1.1" 302 0
INFO 2026-10-02 00:47:32,612 basehttp "GET /bicicletas/ HTTP/1.1" 302 0
INFO 2026-10-02 00:47:32,625 basehttp "GET /bicicletas/ HTTP/1.1" 302 0
INFO 2026-10-02 00:47:32,639 basehttp "GET /bicicletas/ HTTP/1.1" 302 0
INFO 2026-10-02 00:47:32,652 basehttp "GET /bicicletas/ HTTP/1.1" 302 0
INFO 2026-10-02 00:47:32,665 basehttp "GET /bicicletas/ HTTP/1.1" 302 0
INFO 2026-10-02 00:47:32,677 basehttp "GET /bicicletas/ HTTP/1.1" 302 0
INFO 2026-10-02 00:47:32,689 basehttp "GET /bicicletas/ HTTP/1.1" 302 0
INFO 2026-10-02 00:47:32,704 basehttp "GET /bicicletas/ HTTP/1.1" 302 0
INFO 2026-10-02 00:47:32,722 basehttp "GET /bicicletas/ HTTP/1.1" 302 0
INFO 2026-10-02 00:47:32,734 basehttp "GET /bicicletas/ HTTP/1.1" 302 0
INFO 2026-10-02 00:47:32,744 basehttp "GET /bicicletas/ HTTP/1.1" 302 0
INFO 2026-10-02 00:47:33,823 basehttp "GET /bicicletas/ HTTP/1.1" 302 0
INFO 2026-10-02 00:47:33,842 basehttp "GET /bicicletas/ HTTP/1.1" 302 0
INFO 2026-10-02 00:47:33,862 basehttp "GET /bicicletas/ HTTP/1.1" 302 0
INFO 2026-10-02 00:47:33,880 basehttp "GET /bicicletas/ HTTP/1.1" 302 0
INFO 2026-10-02 00:47:33,902 basehttp "GET /bicicletas/ HTTP/1.1" 302 0
INFO 2026-10-02 00:47:33,917 basehttp "GET /bicicletas/ HTTP/1.1" 302 0
INFO 2026-10-02 00:47:33,937 basehttp "GET /bicicletas/ HTTP/1.1" 302 0
INFO 2026-10-02 00:47:33,949 basehttp "GET /bicicletas/ HTTP/1.1" 302 0
INFO 2026-10-02 00:47:33,964 basehttp "GET /bicicletas/ HTTP/1.1" 302 0
INFO 2026-10-02 00:47:33,979 basehttp "GET /bicicletas/ HTTP/1.1" 302 0
INFO 2026-10-02 00:47:33,992 basehttp "GET /bicicletas/ HTTP/1.1" 302 0
INFO 2026-10-02 00:47:34,010 basehttp "GET /bicicletas/ HTTP/1.1" 302 0
INFO 2026-10-02 00:47:34,024 basehttp "GET /bicicletas/ HTTP/1.1" 302 0
INFO 2026-10-02 00:47:34,039 basehttp "GET /bicicletas/ HTTP/1.1" 302 0
INFO 2026-10-02 00:47:34,054 basehttp "GET /bicicletas/ HTTP/1.1" 302 0
INFO 2026-10-02 00:47:34,067 basehttp "GET /bicicletas/ HTTP/1.1" 302 0
INFO 2026-10-02 00:47:34,087 basehttp "GET /bicicletas/ HTTP/1.1" 302 0
INFO 2026-10-02 00:47:34,110 basehttp "GET /bicicletas/ HTTP/1.1" 302 0
INFO 2026-10-02 00:47:34,129 basehttp "GET /bicicletas/ HTTP/1.1" 302 0
INFO 2026-10-02 00:47:34,152 basehttp "GET /bicicletas/ HTTP/1.1" 302 0
INFO 2026-10-02 00:48:26,728 basehttp "GET /bicicletas/ HTTP/1.1" 302 0
INFO 2026-10-02 00:48:26,749 basehttp "GET /bicicletas/ HTTP/1.1" 302 0
INFO 2026-10-02 00:48:26,762 basehttp "GET /bicicletas/ HTTP/1.1" 302 0
INFO 2026-10-02 00:48:26,777 basehttp "GET /bicicletas/ HTTP/1.1" 302 0
INFO 2026-10-02 00:48:26,791 basehttp "GET /bicicletas/ HTTP/1.1" 302 0
INFO 2026-10-02 00:48:26,803 basehttp "GET /bicicletas/ HTTP/1.1" 302 0
INFO 2026-10-02 00:48:26,822 basehttp "GET /bicicletas/ HTTP/1.1" 302 0
INFO 2026-10-02 00:48:26,836 basehttp "GET /bicicletas/ HTTP/1.1" 302 0
INFO 2026-10-02 00:48:26,850 basehttp "GET /bicicletas/ HTTP/1.1" 302 0
INFO 2026-10-02 00:48:26,864 basehttp "GET /bicicletas/ HTTP/1.1" 302 0
INFO 2026-10-02 00:48:26,879 basehttp "GET /bicicletas/ HTTP/1.1" 302 0
INFO 2026-10-02 00:48:26,893 basehttp "GET /bicicletas/ HTTP/1.1" 302 0
INFO 2026-10-02 00:48:26,908 basehttp "GET /bicicletas/ HTTP/1.1" 302 0
INFO 2026-10-02 00:48:26,921 basehttp "GET /bicicletas/ HTTP/1.1" 302 0
INFO 2026-10-02 00:48:26,933 basehttp "GET /bicicletas/ HTTP/1.1" 302 0
INFO 2026-10-02 00:48:26,948 basehttp "GET /bicicletas/ HTTP/1.1" 302 0
INFO 2026-10-02 00:48:26,962 basehttp "GET /bicicletas/ HTTP/1.1" 302 0
INFO 2026-10-02 00:48:26,977 basehttp "GET /bicicletas/ HTTP/1.1" 302 0
INFO 2026-10-02 00:48:26,990 basehttp "GET /bicicletas/ HTTP/1.1" 302 0
INFO 2026-10-02 00:48:27,003 basehttp "GET /bicicletas/ HTTP/1.1" 302 0
INFO 2026-10-02 00:49:27,052 basehttp "GET /bicicletas/ HTTP/1.1" 302 0
INFO 2026-10-02 00:49:27,079 basehttp "GET /bicicletas/ HTTP/1.1" 302 0
INFO 2026-10-02 00:49:27,097 basehttp "GET /bicicletas/ HTTP/1.1" 302 0
INFO 2026-10-02 00:49:27,117 basehttp "GET /bicicletas/ HTTP/1.1" 302 0
INFO 2026-10-02 00:49:27,133 basehttp "GET /bicicletas/ HTTP/1.1" 302 0
INFO 2026-10-02 00:49:27,148 basehttp "GET /bicicletas/ HTTP/1.1" 302 0
INFO 2026-10-02 00:49:27,161 basehttp "GET /bicicletas/ HTTP/1.1" 302 0
INFO 2026-10-02 00:49:27,172 basehttp "GET /bicicletas/ HTTP/1.1" 302 0
INFO 2026-10-02 00:49:27,186 basehttp "GET /bicicletas/ HTTP/1.1" 302 0
INFO 2026-10-02 00:49:27,200 basehttp "GET /bicicletas/ HTTP/1.1" 302 0
INFO 2026-10-02 00:49:27,213 basehttp "GET /bicicletas/ HTTP/1.1" 302 0
INFO 2026-10-02 00:49:27,228 basehttp "GET /bicicletas/ HTTP/1.1" 302 0
INFO 2026-10-02 00:49:27,242 basehttp "GET /bicicletas/ HTTP/1.1" 302 0
INFO 2026-10-02 00:49:27,255 basehttp "GET /bicicletas/ HTTP/1.1" 302 0
INFO 2026-10-02 00:49:27,269 basehttp "GET /bicicletas/ HTTP/1.1" 302 0
INFO 2026-10-02 00:49:27,285 basehttp "GET /bicicletas/ HTTP/1.1" 302 0
INFO 2026-10-02 00:49:27,309 basehttp "GET /bicicletas/ HTTP/1.1" 302 0
INFO 2026-10-02 00:49:27,329 basehttp "GET /bicicletas/ HTTP/1.1" 302 0
INFO 2026-10-02 00:49:27,348 basehttp "GET /bicicletas/ HTTP/1.1" 302 0
INFO 2026-10-02 00:49:27,363 basehttp "GET /bicicletas/ HTTP/1.1" 302 0
INFO 2026-10-02 00:50:03,886 autoreload Watching for file changes with StatReloader
INFO 2026-10-02 00:50:09,671 basehttp "GET /login/ HTTP/1.1" 200 3775
INFO 2026-10-02 00:50:13,405 basehttp "POST /login/ HTTP/1.1" 302 0
INFO 2026-10-02 00:50:13,418 basehttp "GET /bicicletas/ HTTP/1.1" 302 0
INFO 2026-10-02 00:50:13,429 basehttp "GET /bicicletas/ HTTP/1.1" 302 0
INFO 2026-10-02 00:50:13,440 basehttp "GET /bicicletas/ HTTP/1.1" 302 0
INFO 2026-10-02 00:50:13,452 basehttp "GET /bicicletas/ HTTP/1.1" 302 0
INFO 2026-10-02 00:50:13,472 basehttp "GET /bicicletas/ HTTP/1.1" 302 0
INFO 2026-10-02 00:50:13,483 basehttp "GET /bicicletas/ HTTP/1.1" 302 0
INFO 2026-10-02 00:50:13,501 basehttp "GET /bicicletas/ HTTP/1.1" 302 0
INFO 2026-10-02 00:50:13,514 basehttp "GET /bicicletas/ HTTP/1.1" 302 0
INFO 2026-10-02 00:50:13,539 basehttp "GET /bicicletas/ HTTP/1.1" 302 0
INFO 2026-10-02 00:50:13,564 basehttp "GET /bicicletas/ HTTP/1.1" 302 0
INFO 2026-10-02 00:50:13,587 basehttp "GET /bicicletas/ HTTP/1.1" 302 0
INFO 2026-10-02 00:50:13,616 basehttp "GET /bicicletas/ HTTP/1.1" 302 0
INFO 2026-10-02 00:50:13,644 basehttp "GET /bicicletas/ HTTP/1.1" 302 0
INFO 2026-10-02 00:50:13,672 basehttp "GET /bicicletas/ HTTP/1.1" 302 0
INFO 2026-10-02 00:50:13,696 basehttp "GET /bicicletas/ HTTP/1.1" 302 0
INFO 2026-10-02 00:50:13,722 basehttp "GET /bicicletas/ HTTP/1.1" 302 0
INFO 2026-10-02 00:50:13,735 basehttp "GET /bicicletas/ HTTP/1.1" 302 0
INFO 2026-10-02 00:50:13,748 basehttp "GET /bicicletas/ HTTP/1.1" 302 0
INFO 2026-10-02 00:50:13,762 basehttp "GET /bicicletas/ HTTP/1.1" 302 0
INFO 2026-10-02 00:50:14,808 basehttp "GET /bicicletas/ HTTP/1.1" 302 0
INFO 2026-10-02 00:50:14,829 basehttp "GET /bicicletas/ HTTP/1.1" 302 0
INFO 2026-10-02 00:50:14,864 basehttp "GET /bicicletas/ HTTP/1.1" 302 0
INFO 2026-10-02 00:50:14,880 basehttp "GET /bicicletas/ HTTP/1.1" 302 0
INFO 2026-10-02 00:50:14,890 basehttp "GET /bicicletas/ HTTP/1.1" 302 0
INFO 2026-10-02 00:50:14,903 basehttp "GET /bicicletas/ HTTP/1.1" 302 0
INFO 2026-10-02 00:50:14,916 basehttp "GET /bicicletas/ HTTP/1.1" 302 0
INFO 2026-10-02 00:50:14,929 basehttp "GET /bicicletas/ HTTP/1.1" 302 0
INFO 2026-10-02 00:50:14,942 basehttp "GET /bicicletas/ HTTP/1.1" 302 0
INFO 2026-10-02 00:50:14,955 basehttp "GET /bicicletas/ HTTP/1.1" 302 0
INFO 2026-10-02 00:50:14,968 basehttp "GET /bicicletas/ HTTP/1.1" 302 0
INFO 2026-10-02 00:50:14,980 basehttp "GET /bicicletas/ HTTP/1.1" 302 0
INFO 2026-10-02 00:50:14,991 basehttp "GET /bicicletas/ HTTP/1.1" 302 0
INFO 2026-10-02 00:50:15,003 basehttp "GET /bicicletas/ HTTP/1.1" 302 0
INFO 2026-10-02 00:50:15,018 basehttp "GET /bicicletas/ HTTP/1.1" 302 0
INFO 2026-10-02 00:50:15,031 basehttp "GET /bicicletas/ HTTP/1.1" 302 0
INFO 2026-10-02 00:50:15,041 basehttp "GET /bicicletas/ HTTP/1.1" 302 0
INFO 2026-10-02 00:50:15,054 basehttp "GET /bicicletas/ HTTP/1.1" 302 0
INFO 2026-10-02 00:50:15,064 basehttp "GET /bicicletas/ HTTP/1.1" 302 0
INFO 2026-10-02 00:50:15,079 basehttp "GET /bicicletas/ HTTP/1.1" 302 0
INFO 2026-10-02 00:54:27,860 basehttp "GET /bicicletas/ HTTP/1.1" 302 0
INFO 2026-10-02 00:54:27,901 basehttp "GET /bicicletas/ HTTP/1.1" 302 0
INFO 2026-10-02 00:54:27,932 basehttp "GET /bicicletas/ HTTP/1.1" 302 0
INFO 2026-10-02 00:54:27,953 basehttp "GET /bicicletas/ HTTP/1.1" 302 0
INFO 2026-10-02 00:54:27,984 basehttp "GET /bicicletas/ HTTP/1.1" 302 0
INFO 2026-10-02 00:54:28,005 basehttp "GET /bicicletas/ HTTP/1.1" 302 0
INFO 2026-10-02 00:54:28,031 basehttp "GET /bicicletas/ HTTP/1.1" 302 0
INFO 2026-10-02 00:54:28,054 basehttp "GET /bicicletas/ HTTP/1.1" 302 0
INFO 2026-10-02 00:54:28,075 basehttp "GET /bicicletas/ HTTP/1.1" 302 0
INFO 2026-10-02 00:54:28,108 basehttp "GET /bicicletas/ HTTP/1.1" 302 0
INFO 2026-10-02 00:54:28,140 basehttp "GET /bicicletas/ HTTP/1.1" 302 0
INFO 2026-10-02 00:54:28,157 basehttp "GET /bicicletas/ HTTP/1.1" 302 0
INFO 2026-10-02 00:54:28,204 basehttp "GET /bicicletas/ HTTP/1.1" 302 0
INFO 2026-10-02 00:54:28,234 basehttp "GET /bicicletas/ HTTP/1.1" 302 0
INFO 2026-10-02 00:54:28,256 basehttp "GET /bicicletas/ HTTP/1.1" 302 0
INFO 2026-10-02 00:54:28,279 basehttp "GET /bicicletas/ HTTP/1.1" 302 0
INFO 2026-10-02 00:54:28,300 basehttp "GET /bicicletas/ HTTP/1.1" 302 0
INFO 2026-10-02 00:54:28,340 basehttp "GET /bicicletas/ HTTP/1.1" 302 0
INFO 2026-10-02 00:54:28,375 basehttp "GET /bicicletas/ HTTP/1.1" 302 0
INFO 2026-10-02 00:54:28,404 basehttp "GET /bicicletas/ HTTP/1.1" 302 0
INFO 2026-10-02 00:54:29,058 autoreload C:\Users\Aty\Desktop\tienda_bicicletas\config\urls.py changed, reloading.
INFO 2026-10-02 00:54:35,153 autoreload Watching for file changes with StatReloader
INFO 2026-10-02 00:54:41,651 basehttp "GET /bicicletas/ HTTP/1.1" 200 64485
WARNING 2026-10-02 00:54:42,065 log Not Found: /.well-known/appspecific/com.chrome.devtools.json
WARNING 2026-10-02 00:54:42,068 basehttp "GET /.well-known/appspecific/com.chrome.devtools.json HTTP/1.1" 404 3703
INFO 2026-10-02 00:54:54,557 basehttp "GET / HTTP/1.1" 302 0
INFO 2026-10-02 00:54:54,624 basehttp "GET /bicicletas/ HTTP/1.1" 200 64485
INFO 2026-10-02 00:54:56,057 basehttp "GET /bicicletas/ HTTP/1.1" 200 64485
INFO 2026-10-02 00:54:58,264 basehttp "GET /bicicletas/crear/ HTTP/1.1" 200 29283
INFO 2026-10-02 00:55:06,001 basehttp "GET /logout/ HTTP/1.1" 302 0
INFO 2026-10-02 00:55:06,011 basehttp "GET / HTTP/1.1" 200 2862
INFO 2026-10-02 00:55:08,332 basehttp "GET /login/ HTTP/1.1" 200 3427
INFO 2026-10-02 00:55:12,664 basehttp "POST /login/ HTTP/1.1" 302 0
INFO 2026-10-02 00:55:12,727 basehttp "GET /bicicletas/ HTTP/1.1" 200 64485
INFO 2026-10-02 00:56:47,102 basehttp "GET /bicicletas/119/editar/ HTTP/1.1" 200 29321
INFO 2026-10-02 00:56:58,209 basehttp "GET / HTTP/1.1" 302 0
INFO 2026-10-02 00:56:58,270 basehttp "GET /bicicletas/ HTTP/1.1" 200 64485
INFO 2026-10-02 00:57:03,046 basehttp "GET /bicicletas/?categoria=1&marca=&modelo=&aro=&precio_max=10000000&q= HTTP/1.1" 200 63782
INFO 2026-10-02 01:04:28,925 basehttp "GET /bicicletas/ HTTP/1.1" 200 64485
INFO 2026-10-02 01:10:49,340 basehttp "GET /bicicletas/?categoria=1&marca=&modelo=&aro=&precio_max=10000000&q= HTTP/1.1" 200 63952
INFO 2026-10-02 01:10:56,155 basehttp "GET /bicicletas/?categoria=1&marca=&modelo=&aro=&precio_max=2100000&q= HTTP/1.1" 200 61944
INFO 2026-10-02 01:11:02,035 basehttp "GET /bicicletas/?categoria=1&marca=&modelo=&aro=&precio_max=550000&q= HTTP/1.1" 200 54130
INFO 2026-10-02 01:11:42,350 basehttp "GET / HTTP/1.1" 302 0
INFO 2026-10-02 01:11:42,431 basehttp "GET /bicicletas/ HTTP/1.1" 200 64655
INFO 2026-10-02 01:11:43,473 basehttp "GET /bicicletas/ HTTP/1.1" 200 64655
INFO 2026-10-02 01:15:07,379 basehttp "GET /bicicletas/ HTTP/1.1" 200 64581
INFO 2026-10-02 01:15:09,040 basehttp "GET /bicicletas/ HTTP/1.1" 200 64581
INFO 2026-10-02 01:15:12,624 basehttp "GET /bicicletas/119/editar/ HTTP/1.1" 200 29247
INFO 2026-10-02 01:15:14,831 basehttp "GET /bicicletas/ HTTP/1.1" 200 64581
INFO 2026-10-02 01:15:17,207 basehttp "GET /bicicletas/119/editar/ HTTP/1.1" 200 29247
INFO 2026-10-02 01:15:18,792 basehttp "GET /bicicletas/ HTTP/1.1" 200 64581
INFO 2026-10-02 01:15:21,108 basehttp "GET /bicicletas/119/eliminar/ HTTP/1.1" 200 4003
INFO 2026-10-02 01:15:23,161 basehttp "GET /bicicletas/ HTTP/1.1" 200 64581
INFO 2026-10-02 01:15:27,011 basehttp "GET /bicicletas/119/eliminar/ HTTP/1.1" 200 4003
INFO 2026-10-02 01:15:28,743 basehttp "POST /bicicletas/119/eliminar/ HTTP/1.1" 302 0
INFO 2026-10-02 01:15:28,808 basehttp "GET /bicicletas/ HTTP/1.1" 200 64578
INFO 2026-10-02 01:15:38,012 basehttp "GET /logout/ HTTP/1.1" 302 0
INFO 2026-10-02 01:15:38,061 basehttp "GET / HTTP/1.1" 200 2964
INFO 2026-10-02 01:15:40,833 basehttp "GET /login/ HTTP/1.1" 200 3529
INFO 2026-10-02 01:15:43,935 basehttp "POST /login/ HTTP/1.1" 302 0
INFO 2026-10-02 01:15:44,041 basehttp "GET /bicicletas/ HTTP/1.1" 200 64578
INFO 2026-10-02 01:16:09,013 basehttp "GET /bicicletas/121/ HTTP/1.1" 200 8968
INFO 2026-10-02 01:19:43,810 basehttp "GET /logout/ HTTP/1.1" 302 0
INFO 2026-10-02 01:19:43,818 basehttp "GET / HTTP/1.1" 200 2964
INFO 2026-10-02 01:19:49,627 basehttp "GET /login/ HTTP/1.1" 200 3529
INFO 2026-10-02 01:19:51,791 basehttp "POST /login/ HTTP/1.1" 302 0
INFO 2026-10-02 01:19:51,850 basehttp "GET /bicicletas/ HTTP/1.1" 200 64578
INFO 2026-10-02 02:03:32,307 autoreload Watching for file changes with StatReloader
INFO 2026-10-02 02:13:22,224 autoreload Watching for file changes with StatReloader
INFO 2026-10-02 02:14:52,515 autoreload C:\Users\Aty\Desktop\tienda_bicicletas\config\settings.py changed, reloading.
INFO 2026-10-02 02:15:00,752 autoreload Watching for file changes with StatReloader
INFO 2026-10-02 02:15:21,710 autoreload Watching for file changes with StatReloader
INFO 2026-10-02 02:16:27,434 autoreload C:\Users\Aty\Desktop\tienda_bicicletas\config\settings.py changed, reloading.
INFO 2026-10-02 02:16:34,881 autoreload Watching for file changes with StatReloader
INFO 2026-10-02 02:19:27,006 autoreload Watching for file changes with StatReloader
WARNING 2026-10-02 02:19:32,970 log Not Found: /favicon.ico
WARNING 2026-10-02 02:19:32,973 basehttp "GET /favicon.ico HTTP/1.1" 404 3743
INFO 2026-10-02 02:19:37,522 basehttp "GET /logout/ HTTP/1.1" 302 0
INFO 2026-10-02 02:19:37,546 basehttp "GET / HTTP/1.1" 200 2964
INFO 2026-10-02 02:19:39,143 basehttp "GET /login/ HTTP/1.1" 200 3529
INFO 2026-10-02 02:19:41,644 basehttp "POST /login/ HTTP/1.1" 302 0
INFO 2026-10-02 02:19:41,747 basehttp "GET /bicicletas/ HTTP/1.1" 200 64578
INFO 2026-10-02 02:19:54,631 basehttp "GET /bicicletas/?categoria=&marca=&modelo=&aro=&precio_max=550000&q= HTTP/1.1" 200 57918
INFO 2026-10-02 02:20:15,061 basehttp "GET /bicicletas/126/editar/ HTTP/1.1" 200 29240
INFO 2026-10-02 02:20:26,029 basehttp "POST /bicicletas/126/editar/ HTTP/1.1" 302 0
INFO 2026-10-02 02:20:26,103 basehttp "GET /bicicletas/ HTTP/1.1" 200 65011
INFO 2026-10-02 02:20:32,358 basehttp "GET /bicicletas/120/ HTTP/1.1" 200 8580
INFO 2026-10-02 02:20:37,391 basehttp "GET /bicicletas/120/editar/ HTTP/1.1" 200 29233
INFO 2026-10-02 02:20:49,418 basehttp "POST /bicicletas/120/editar/ HTTP/1.1" 200 30534
INFO 2026-10-02 02:21:19,476 basehttp "POST /bicicletas/120/editar/ HTTP/1.1" 200 30179
INFO 2026-10-02 02:21:28,808 basehttp "POST /bicicletas/120/editar/ HTTP/1.1" 200 29860
INFO 2026-10-02 02:21:39,373 basehttp "POST /bicicletas/120/editar/ HTTP/1.1" 200 29893
INFO 2026-10-02 02:21:44,721 basehttp "POST /bicicletas/120/editar/ HTTP/1.1" 302 0
INFO 2026-10-02 02:21:44,791 basehttp "GET /bicicletas/ HTTP/1.1" 200 65118
INFO 2026-10-02 02:22:01,613 basehttp "GET /bicicletas/ HTTP/1.1" 200 64812
INFO 2026-10-02 02:22:23,442 basehttp "GET /bicicletas/?categoria=&marca=&modelo=&aro=&precio_max=10000000&q=bianchi HTTP/1.1" 200 54178
INFO 2026-10-02 02:22:27,470 basehttp "GET /bicicletas/ HTTP/1.1" 200 64812
INFO 2026-10-02 02:22:31,727 basehttp "GET /bicicletas/120/eliminar/ HTTP/1.1" 200 4010
INFO 2026-10-02 02:22:35,645 basehttp "POST /bicicletas/120/eliminar/ HTTP/1.1" 302 0
INFO 2026-10-02 02:22:35,708 basehttp "GET /bicicletas/ HTTP/1.1" 200 64807
INFO 2026-10-02 02:22:39,266 basehttp "GET /bicicletas/?page=2 HTTP/1.1" 200 60550
INFO 2026-10-02 02:22:45,488 basehttp "GET /bicicletas/133/ HTTP/1.1" 200 7456
INFO 2026-10-02 02:58:59,935 basehttp "GET /bicicletas/133/ HTTP/1.1" 200 18286
INFO 2026-10-02 02:59:06,003 basehttp "GET /bicicletas/ HTTP/1.1" 200 75637
INFO 2026-10-02 03:16:06,532 autoreload Watching for file changes with StatReloader
INFO 2026-10-02 03:17:11,519 autoreload Watching for file changes with StatReloader
INFO 2026-10-02 03:17:20,273 basehttp "GET /bicicletas/ HTTP/1.1" 200 75637
WARNING 2026-10-02 03:17:20,651 log Not Found: /favicon.ico
WARNING 2026-10-02 03:17:20,652 basehttp "GET /favicon.ico HTTP/1.1" 404 3743
INFO 2026-10-02 03:17:22,231 basehttp "GET /logout/ HTTP/1.1" 302 0
INFO 2026-10-02 03:17:22,254 basehttp "GET / HTTP/1.1" 200 13794
INFO 2026-10-02 04:04:35,217 autoreload Watching for file changes with StatReloader
INFO 2026-10-02 04:04:59,196 basehttp "GET / HTTP/1.1" 200 13794
INFO 2026-10-02 04:05:04,465 basehttp "GET /login/ HTTP/1.1" 200 14359
INFO 2026-10-02 04:05:09,368 basehttp "POST /login/ HTTP/1.1" 302 0
INFO 2026-10-02 04:05:09,823 basehttp "GET /bicicletas/ HTTP/1.1" 200 75637
INFO 2026-10-02 04:05:16,921 basehttp "GET /bicicletas/?page=2 HTTP/1.1" 200 71380
INFO 2026-10-02 04:05:25,142 basehttp "GET /bicicletas/crear/ HTTP/1.1" 200 40039
INFO 2026-10-02 04:13:28,731 basehttp "GET / HTTP/1.1" 302 0
INFO 2026-10-02 04:25:30,043 basehttp "GET /bicicletas/ HTTP/1.1" 200 75637
INFO 2026-10-02 04:25:33,466 basehttp "GET /bicicletas/ HTTP/1.1" 200 75637
INFO 2026-10-02 04:25:35,226 basehttp "GET /logout/ HTTP/1.1" 302 0
INFO 2026-10-02 04:25:35,285 basehttp "GET / HTTP/1.1" 200 5097
WARNING 2026-10-02 04:25:36,152 basehttp "GET /static/videos/velo-bg-motion.mp4 HTTP/1.1" 404 1834
INFO 2026-10-02 04:25:38,351 basehttp "GET / HTTP/1.1" 200 5097
WARNING 2026-10-02 04:25:38,397 basehttp "GET /static/videos/velo-bg-motion.mp4 HTTP/1.1" 404 1834
INFO 2026-10-02 04:25:44,188 basehttp "GET /login/ HTTP/1.1" 200 14359
INFO 2026-10-02 04:25:46,769 basehttp "POST /login/ HTTP/1.1" 302 0
INFO 2026-10-02 04:25:46,827 basehttp "GET /bicicletas/ HTTP/1.1" 200 75637
INFO 2026-10-02 04:25:50,442 basehttp "GET /logout/ HTTP/1.1" 302 0
INFO 2026-10-02 04:25:50,448 basehttp "GET / HTTP/1.1" 200 5097
WARNING 2026-10-02 04:25:50,492 basehttp "GET /static/videos/velo-bg-motion.mp4 HTTP/1.1" 404 1834
INFO 2026-10-02 04:28:02,513 autoreload C:\Users\Aty\Desktop\tienda_bicicletas\bicicletas\views.py changed, reloading.
INFO 2026-10-02 04:28:09,894 autoreload Watching for file changes with StatReloader
INFO 2026-10-02 04:28:18,715 basehttp "GET / HTTP/1.1" 200 5097
WARNING 2026-10-02 04:28:18,998 basehttp "GET /static/videos/velo-bg-motion.mp4 HTTP/1.1" 404 1834
INFO 2026-10-02 04:28:22,106 basehttp "GET /login/ HTTP/1.1" 200 14359
INFO 2026-10-02 04:28:27,308 basehttp "POST /login/ HTTP/1.1" 302 0
INFO 2026-10-02 04:28:27,463 basehttp "GET /bicicletas/ HTTP/1.1" 200 75637
INFO 2026-10-02 04:28:35,986 basehttp "GET /bicicletas/crear/ HTTP/1.1" 200 40039
INFO 2026-10-02 04:30:33,188 autoreload Watching for file changes with StatReloader
INFO 2026-10-02 04:31:03,011 basehttp "GET / HTTP/1.1" 302 0
INFO 2026-10-02 04:31:03,134 basehttp "GET /bicicletas/ HTTP/1.1" 200 75637
INFO 2026-10-02 04:31:05,509 basehttp "GET /logout/ HTTP/1.1" 302 0
INFO 2026-10-02 04:31:05,523 basehttp "GET / HTTP/1.1" 200 5097
WARNING 2026-10-02 04:31:05,592 basehttp "GET /static/videos/velo-bg-motion.mp4 HTTP/1.1" 404 1834
INFO 2026-10-02 04:40:52,644 autoreload C:\Users\Aty\Desktop\tienda_bicicletas\config\settings.py changed, reloading.
INFO 2026-10-02 04:40:57,843 autoreload Watching for file changes with StatReloader
INFO 2026-10-02 04:42:35,811 basehttp "GET / HTTP/1.1" 200 5097
WARNING 2026-10-02 04:42:36,043 basehttp "GET /static/videos/velo-bg-motion.mp4 HTTP/1.1" 404 1834
INFO 2026-10-02 04:42:38,478 basehttp "GET / HTTP/1.1" 200 5097
WARNING 2026-10-02 04:42:38,537 basehttp "GET /static/videos/velo-bg-motion.mp4 HTTP/1.1" 404 1834
INFO 2026-10-02 04:44:43,217 autoreload Watching for file changes with StatReloader
INFO 2026-10-02 04:44:53,416 basehttp "GET / HTTP/1.1" 200 5097
WARNING 2026-10-02 04:44:53,565 basehttp "GET /static/videos/velo-bg-motion.mp4 HTTP/1.1" 404 1834
INFO 2026-10-02 04:46:44,543 autoreload C:\Users\Aty\Desktop\tienda_bicicletas\config\urls.py changed, reloading.
INFO 2026-10-02 04:46:48,235 autoreload Watching for file changes with StatReloader
INFO 2026-10-02 04:46:53,558 basehttp "GET / HTTP/1.1" 200 5097
WARNING 2026-10-02 04:46:53,625 basehttp "GET /static/videos/velo-bg-motion.mp4 HTTP/1.1" 404 1935
INFO 2026-10-02 04:46:55,118 basehttp "GET / HTTP/1.1" 200 5097
WARNING 2026-10-02 04:46:55,169 basehttp "GET /static/videos/velo-bg-motion.mp4 HTTP/1.1" 404 1935
INFO 2026-10-02 04:46:56,466 basehttp "GET / HTTP/1.1" 200 5097
WARNING 2026-10-02 04:46:56,523 basehttp "GET /static/videos/velo-bg-motion.mp4 HTTP/1.1" 404 1935
WARNING 2026-10-02 04:57:30,135 basehttp "GET /static/videos/velo-bg-motion.mp4 HTTP/1.1" 404 1935
INFO 2026-10-02 04:57:31,238 basehttp "GET / HTTP/1.1" 200 5097
WARNING 2026-10-02 04:57:31,290 basehttp "GET /static/videos/velo-bg-motion.mp4 HTTP/1.1" 404 1935
INFO 2026-10-02 04:58:25,272 basehttp "GET / HTTP/1.1" 200 5097
WARNING 2026-10-02 04:58:25,335 basehttp "GET /static/videos/velo-bg-motion.mp4 HTTP/1.1" 404 1935
INFO 2026-10-02 04:58:26,428 basehttp "GET / HTTP/1.1" 200 5097
WARNING 2026-10-02 04:58:26,483 basehttp "GET /static/videos/velo-bg-motion.mp4 HTTP/1.1" 404 1935
INFO 2026-10-02 08:15:35,646 basehttp "GET / HTTP/1.1" 200 5097
WARNING 2026-10-02 08:15:36,054 basehttp "GET /static/videos/velo-bg-motion.mp4 HTTP/1.1" 404 1935
INFO 2026-10-02 08:17:03,547 autoreload Watching for file changes with StatReloader
INFO 2026-10-02 08:17:16,140 basehttp "GET / HTTP/1.1" 200 5097
WARNING 2026-10-02 08:17:16,353 basehttp "GET /static/videos/velo-bg-motion.mp4 HTTP/1.1" 404 1935
INFO 2026-10-02 08:17:21,304 basehttp "GET /login/ HTTP/1.1" 200 14359
INFO 2026-10-02 08:17:24,381 basehttp "POST /login/ HTTP/1.1" 302 0
INFO 2026-10-02 08:17:24,516 basehttp "GET /bicicletas/ HTTP/1.1" 200 75637
ERROR 2026-10-02 08:17:32,983 log Internal Server Error: /bicicletas/crear/
Traceback (most recent call last):
  File "C:\Users\Aty\Desktop\tienda_bicicletas\venv\Lib\site-packages\django\core\handlers\exception.py", line 55, in inner
    response = get_response(request)
  File "C:\Users\Aty\Desktop\tienda_bicicletas\venv\Lib\site-packages\django\core\handlers\base.py", line 220, in _get_response
    response = response.render()
  File "C:\Users\Aty\Desktop\tienda_bicicletas\venv\Lib\site-packages\django\template\response.py", line 114, in render
    self.content = self.rendered_content
                   ^^^^^^^^^^^^^^^^^^^^^
  File "C:\Users\Aty\Desktop\tienda_bicicletas\venv\Lib\site-packages\django\template\response.py", line 90, in rendered_content
    template = self.resolve_template(self.template_name)
  File "C:\Users\Aty\Desktop\tienda_bicicletas\venv\Lib\site-packages\django\template\response.py", line 72, in resolve_template
    return select_template(template, using=self.using)
  File "C:\Users\Aty\Desktop\tienda_bicicletas\venv\Lib\site-packages\django\template\loader.py", line 42, in select_template
    return engine.get_template(template_name)
           ~~~~~~~~~~~~~~~~~~~^^^^^^^^^^^^^^^
  File "C:\Users\Aty\Desktop\tienda_bicicletas\venv\Lib\site-packages\django\template\backends\django.py", line 33, in get_template
    return Template(self.engine.get_template(template_name), self)
                    ~~~~~~~~~~~~~~~~~~~~~~~~^^^^^^^^^^^^^^^
  File "C:\Users\Aty\Desktop\tienda_bicicletas\venv\Lib\site-packages\django\template\engine.py", line 175, in get_template
    template, origin = self.find_template(template_name)
                       ~~~~~~~~~~~~~~~~~~^^^^^^^^^^^^^^^
  File "C:\Users\Aty\Desktop\tienda_bicicletas\venv\Lib\site-packages\django\template\engine.py", line 157, in find_template
    template = loader.get_template(name, skip=skip)
  File "C:\Users\Aty\Desktop\tienda_bicicletas\venv\Lib\site-packages\django\template\loaders\cached.py", line 57, in get_template
    template = super().get_template(template_name, skip)
  File "C:\Users\Aty\Desktop\tienda_bicicletas\venv\Lib\site-packages\django\template\loaders\base.py", line 28, in get_template
    return Template(
        contents,
    ...<2 lines>...
        self.engine,
    )
  File "C:\Users\Aty\Desktop\tienda_bicicletas\venv\Lib\site-packages\django\template\base.py", line 154, in __init__
    self.nodelist = self.compile_nodelist()
                    ~~~~~~~~~~~~~~~~~~~~~^^
  File "C:\Users\Aty\Desktop\tienda_bicicletas\venv\Lib\site-packages\django\template\base.py", line 200, in compile_nodelist
    return parser.parse()
           ~~~~~~~~~~~~^^
  File "C:\Users\Aty\Desktop\tienda_bicicletas\venv\Lib\site-packages\django\template\base.py", line 513, in parse
    raise self.error(token, e)
  File "C:\Users\Aty\Desktop\tienda_bicicletas\venv\Lib\site-packages\django\template\base.py", line 511, in parse
    compiled_result = compile_func(self, token)
  File "C:\Users\Aty\Desktop\tienda_bicicletas\venv\Lib\site-packages\django\template\loader_tags.py", line 293, in do_extends
    nodelist = parser.parse()
  File "C:\Users\Aty\Desktop\tienda_bicicletas\venv\Lib\site-packages\django\template\base.py", line 513, in parse
    raise self.error(token, e)
  File "C:\Users\Aty\Desktop\tienda_bicicletas\venv\Lib\site-packages\django\template\base.py", line 511, in parse
    compiled_result = compile_func(self, token)
  File "C:\Users\Aty\Desktop\tienda_bicicletas\venv\Lib\site-packages\django\template\loader_tags.py", line 232, in do_block
    nodelist = parser.parse(("endblock",))
  File "C:\Users\Aty\Desktop\tienda_bicicletas\venv\Lib\site-packages\django\template\base.py", line 518, in parse
    self.unclosed_block_tag(parse_until)
    ~~~~~~~~~~~~~~~~~~~~~~~^^^^^^^^^^^^^
  File "C:\Users\Aty\Desktop\tienda_bicicletas\venv\Lib\site-packages\django\template\base.py", line 581, in unclosed_block_tag
    raise self.error(token, msg)
django.template.exceptions.TemplateSyntaxError: Unclosed tag on line 173: 'block'. Looking for one of: endblock.
ERROR 2026-10-02 08:17:32,996 basehttp "GET /bicicletas/crear/ HTTP/1.1" 500 193719
ERROR 2026-10-02 08:17:37,945 log Internal Server Error: /bicicletas/crear/
Traceback (most recent call last):
  File "C:\Users\Aty\Desktop\tienda_bicicletas\venv\Lib\site-packages\django\core\handlers\exception.py", line 55, in inner
    response = get_response(request)
  File "C:\Users\Aty\Desktop\tienda_bicicletas\venv\Lib\site-packages\django\core\handlers\base.py", line 220, in _get_response
    response = response.render()
  File "C:\Users\Aty\Desktop\tienda_bicicletas\venv\Lib\site-packages\django\template\response.py", line 114, in render
    self.content = self.rendered_content
                   ^^^^^^^^^^^^^^^^^^^^^
  File "C:\Users\Aty\Desktop\tienda_bicicletas\venv\Lib\site-packages\django\template\response.py", line 90, in rendered_content
    template = self.resolve_template(self.template_name)
  File "C:\Users\Aty\Desktop\tienda_bicicletas\venv\Lib\site-packages\django\template\response.py", line 72, in resolve_template
    return select_template(template, using=self.using)
  File "C:\Users\Aty\Desktop\tienda_bicicletas\venv\Lib\site-packages\django\template\loader.py", line 42, in select_template
    return engine.get_template(template_name)
           ~~~~~~~~~~~~~~~~~~~^^^^^^^^^^^^^^^
  File "C:\Users\Aty\Desktop\tienda_bicicletas\venv\Lib\site-packages\django\template\backends\django.py", line 33, in get_template
    return Template(self.engine.get_template(template_name), self)
                    ~~~~~~~~~~~~~~~~~~~~~~~~^^^^^^^^^^^^^^^
  File "C:\Users\Aty\Desktop\tienda_bicicletas\venv\Lib\site-packages\django\template\engine.py", line 175, in get_template
    template, origin = self.find_template(template_name)
                       ~~~~~~~~~~~~~~~~~~^^^^^^^^^^^^^^^
  File "C:\Users\Aty\Desktop\tienda_bicicletas\venv\Lib\site-packages\django\template\engine.py", line 157, in find_template
    template = loader.get_template(name, skip=skip)
  File "C:\Users\Aty\Desktop\tienda_bicicletas\venv\Lib\site-packages\django\template\loaders\cached.py", line 57, in get_template
    template = super().get_template(template_name, skip)
  File "C:\Users\Aty\Desktop\tienda_bicicletas\venv\Lib\site-packages\django\template\loaders\base.py", line 28, in get_template
    return Template(
        contents,
    ...<2 lines>...
        self.engine,
    )
  File "C:\Users\Aty\Desktop\tienda_bicicletas\venv\Lib\site-packages\django\template\base.py", line 154, in __init__
    self.nodelist = self.compile_nodelist()
                    ~~~~~~~~~~~~~~~~~~~~~^^
  File "C:\Users\Aty\Desktop\tienda_bicicletas\venv\Lib\site-packages\django\template\base.py", line 200, in compile_nodelist
    return parser.parse()
           ~~~~~~~~~~~~^^
  File "C:\Users\Aty\Desktop\tienda_bicicletas\venv\Lib\site-packages\django\template\base.py", line 513, in parse
    raise self.error(token, e)
  File "C:\Users\Aty\Desktop\tienda_bicicletas\venv\Lib\site-packages\django\template\base.py", line 511, in parse
    compiled_result = compile_func(self, token)
  File "C:\Users\Aty\Desktop\tienda_bicicletas\venv\Lib\site-packages\django\template\loader_tags.py", line 293, in do_extends
    nodelist = parser.parse()
  File "C:\Users\Aty\Desktop\tienda_bicicletas\venv\Lib\site-packages\django\template\base.py", line 513, in parse
    raise self.error(token, e)
  File "C:\Users\Aty\Desktop\tienda_bicicletas\venv\Lib\site-packages\django\template\base.py", line 511, in parse
    compiled_result = compile_func(self, token)
  File "C:\Users\Aty\Desktop\tienda_bicicletas\venv\Lib\site-packages\django\template\loader_tags.py", line 232, in do_block
    nodelist = parser.parse(("endblock",))
  File "C:\Users\Aty\Desktop\tienda_bicicletas\venv\Lib\site-packages\django\template\base.py", line 518, in parse
    self.unclosed_block_tag(parse_until)
    ~~~~~~~~~~~~~~~~~~~~~~~^^^^^^^^^^^^^
  File "C:\Users\Aty\Desktop\tienda_bicicletas\venv\Lib\site-packages\django\template\base.py", line 581, in unclosed_block_tag
    raise self.error(token, msg)
django.template.exceptions.TemplateSyntaxError: Unclosed tag on line 173: 'block'. Looking for one of: endblock.
ERROR 2026-10-02 08:17:37,954 basehttp "GET /bicicletas/crear/ HTTP/1.1" 500 193856
ERROR 2026-10-02 08:22:10,873 log Internal Server Error: /bicicletas/crear/
Traceback (most recent call last):
  File "C:\Users\Aty\Desktop\tienda_bicicletas\venv\Lib\site-packages\django\core\handlers\exception.py", line 55, in inner
    response = get_response(request)
  File "C:\Users\Aty\Desktop\tienda_bicicletas\venv\Lib\site-packages\django\core\handlers\base.py", line 220, in _get_response
    response = response.render()
  File "C:\Users\Aty\Desktop\tienda_bicicletas\venv\Lib\site-packages\django\template\response.py", line 114, in render
    self.content = self.rendered_content
                   ^^^^^^^^^^^^^^^^^^^^^
  File "C:\Users\Aty\Desktop\tienda_bicicletas\venv\Lib\site-packages\django\template\response.py", line 90, in rendered_content
    template = self.resolve_template(self.template_name)
  File "C:\Users\Aty\Desktop\tienda_bicicletas\venv\Lib\site-packages\django\template\response.py", line 72, in resolve_template
    return select_template(template, using=self.using)
  File "C:\Users\Aty\Desktop\tienda_bicicletas\venv\Lib\site-packages\django\template\loader.py", line 42, in select_template
    return engine.get_template(template_name)
           ~~~~~~~~~~~~~~~~~~~^^^^^^^^^^^^^^^
  File "C:\Users\Aty\Desktop\tienda_bicicletas\venv\Lib\site-packages\django\template\backends\django.py", line 33, in get_template
    return Template(self.engine.get_template(template_name), self)
                    ~~~~~~~~~~~~~~~~~~~~~~~~^^^^^^^^^^^^^^^
  File "C:\Users\Aty\Desktop\tienda_bicicletas\venv\Lib\site-packages\django\template\engine.py", line 175, in get_template
    template, origin = self.find_template(template_name)
                       ~~~~~~~~~~~~~~~~~~^^^^^^^^^^^^^^^
  File "C:\Users\Aty\Desktop\tienda_bicicletas\venv\Lib\site-packages\django\template\engine.py", line 157, in find_template
    template = loader.get_template(name, skip=skip)
  File "C:\Users\Aty\Desktop\tienda_bicicletas\venv\Lib\site-packages\django\template\loaders\cached.py", line 57, in get_template
    template = super().get_template(template_name, skip)
  File "C:\Users\Aty\Desktop\tienda_bicicletas\venv\Lib\site-packages\django\template\loaders\base.py", line 28, in get_template
    return Template(
        contents,
    ...<2 lines>...
        self.engine,
    )
  File "C:\Users\Aty\Desktop\tienda_bicicletas\venv\Lib\site-packages\django\template\base.py", line 154, in __init__
    self.nodelist = self.compile_nodelist()
                    ~~~~~~~~~~~~~~~~~~~~~^^
  File "C:\Users\Aty\Desktop\tienda_bicicletas\venv\Lib\site-packages\django\template\base.py", line 200, in compile_nodelist
    return parser.parse()
           ~~~~~~~~~~~~^^
  File "C:\Users\Aty\Desktop\tienda_bicicletas\venv\Lib\site-packages\django\template\base.py", line 513, in parse
    raise self.error(token, e)
  File "C:\Users\Aty\Desktop\tienda_bicicletas\venv\Lib\site-packages\django\template\base.py", line 511, in parse
    compiled_result = compile_func(self, token)
  File "C:\Users\Aty\Desktop\tienda_bicicletas\venv\Lib\site-packages\django\template\loader_tags.py", line 293, in do_extends
    nodelist = parser.parse()
  File "C:\Users\Aty\Desktop\tienda_bicicletas\venv\Lib\site-packages\django\template\base.py", line 513, in parse
    raise self.error(token, e)
  File "C:\Users\Aty\Desktop\tienda_bicicletas\venv\Lib\site-packages\django\template\base.py", line 511, in parse
    compiled_result = compile_func(self, token)
  File "C:\Users\Aty\Desktop\tienda_bicicletas\venv\Lib\site-packages\django\template\loader_tags.py", line 232, in do_block
    nodelist = parser.parse(("endblock",))
  File "C:\Users\Aty\Desktop\tienda_bicicletas\venv\Lib\site-packages\django\template\base.py", line 518, in parse
    self.unclosed_block_tag(parse_until)
    ~~~~~~~~~~~~~~~~~~~~~~~^^^^^^^^^^^^^
  File "C:\Users\Aty\Desktop\tienda_bicicletas\venv\Lib\site-packages\django\template\base.py", line 581, in unclosed_block_tag
    raise self.error(token, msg)
django.template.exceptions.TemplateSyntaxError: Unclosed tag on line 173: 'block'. Looking for one of: endblock.
ERROR 2026-10-02 08:22:10,886 basehttp "GET /bicicletas/crear/ HTTP/1.1" 500 193722
ERROR 2026-10-02 08:22:13,612 log Internal Server Error: /bicicletas/crear/
Traceback (most recent call last):
  File "C:\Users\Aty\Desktop\tienda_bicicletas\venv\Lib\site-packages\django\core\handlers\exception.py", line 55, in inner
    response = get_response(request)
  File "C:\Users\Aty\Desktop\tienda_bicicletas\venv\Lib\site-packages\django\core\handlers\base.py", line 220, in _get_response
    response = response.render()
  File "C:\Users\Aty\Desktop\tienda_bicicletas\venv\Lib\site-packages\django\template\response.py", line 114, in render
    self.content = self.rendered_content
                   ^^^^^^^^^^^^^^^^^^^^^
  File "C:\Users\Aty\Desktop\tienda_bicicletas\venv\Lib\site-packages\django\template\response.py", line 90, in rendered_content
    template = self.resolve_template(self.template_name)
  File "C:\Users\Aty\Desktop\tienda_bicicletas\venv\Lib\site-packages\django\template\response.py", line 72, in resolve_template
    return select_template(template, using=self.using)
  File "C:\Users\Aty\Desktop\tienda_bicicletas\venv\Lib\site-packages\django\template\loader.py", line 42, in select_template
    return engine.get_template(template_name)
           ~~~~~~~~~~~~~~~~~~~^^^^^^^^^^^^^^^
  File "C:\Users\Aty\Desktop\tienda_bicicletas\venv\Lib\site-packages\django\template\backends\django.py", line 33, in get_template
    return Template(self.engine.get_template(template_name), self)
                    ~~~~~~~~~~~~~~~~~~~~~~~~^^^^^^^^^^^^^^^
  File "C:\Users\Aty\Desktop\tienda_bicicletas\venv\Lib\site-packages\django\template\engine.py", line 175, in get_template
    template, origin = self.find_template(template_name)
                       ~~~~~~~~~~~~~~~~~~^^^^^^^^^^^^^^^
  File "C:\Users\Aty\Desktop\tienda_bicicletas\venv\Lib\site-packages\django\template\engine.py", line 157, in find_template
    template = loader.get_template(name, skip=skip)
  File "C:\Users\Aty\Desktop\tienda_bicicletas\venv\Lib\site-packages\django\template\loaders\cached.py", line 57, in get_template
    template = super().get_template(template_name, skip)
  File "C:\Users\Aty\Desktop\tienda_bicicletas\venv\Lib\site-packages\django\template\loaders\base.py", line 28, in get_template
    return Template(
        contents,
    ...<2 lines>...
        self.engine,
    )
  File "C:\Users\Aty\Desktop\tienda_bicicletas\venv\Lib\site-packages\django\template\base.py", line 154, in __init__
    self.nodelist = self.compile_nodelist()
                    ~~~~~~~~~~~~~~~~~~~~~^^
  File "C:\Users\Aty\Desktop\tienda_bicicletas\venv\Lib\site-packages\django\template\base.py", line 200, in compile_nodelist
    return parser.parse()
           ~~~~~~~~~~~~^^
  File "C:\Users\Aty\Desktop\tienda_bicicletas\venv\Lib\site-packages\django\template\base.py", line 513, in parse
    raise self.error(token, e)
  File "C:\Users\Aty\Desktop\tienda_bicicletas\venv\Lib\site-packages\django\template\base.py", line 511, in parse
    compiled_result = compile_func(self, token)
  File "C:\Users\Aty\Desktop\tienda_bicicletas\venv\Lib\site-packages\django\template\loader_tags.py", line 293, in do_extends
    nodelist = parser.parse()
  File "C:\Users\Aty\Desktop\tienda_bicicletas\venv\Lib\site-packages\django\template\base.py", line 513, in parse
    raise self.error(token, e)
  File "C:\Users\Aty\Desktop\tienda_bicicletas\venv\Lib\site-packages\django\template\base.py", line 511, in parse
    compiled_result = compile_func(self, token)
  File "C:\Users\Aty\Desktop\tienda_bicicletas\venv\Lib\site-packages\django\template\loader_tags.py", line 232, in do_block
    nodelist = parser.parse(("endblock",))
  File "C:\Users\Aty\Desktop\tienda_bicicletas\venv\Lib\site-packages\django\template\base.py", line 518, in parse
    self.unclosed_block_tag(parse_until)
    ~~~~~~~~~~~~~~~~~~~~~~~^^^^^^^^^^^^^
  File "C:\Users\Aty\Desktop\tienda_bicicletas\venv\Lib\site-packages\django\template\base.py", line 581, in unclosed_block_tag
    raise self.error(token, msg)
django.template.exceptions.TemplateSyntaxError: Unclosed tag on line 173: 'block'. Looking for one of: endblock.
ERROR 2026-10-02 08:22:13,623 basehttp "GET /bicicletas/crear/ HTTP/1.1" 500 193722
INFO 2026-10-02 08:29:06,093 basehttp "GET /bicicletas/crear/ HTTP/1.1" 200 42191
INFO 2026-10-02 08:35:28,486 basehttp "GET /bicicletas/crear/ HTTP/1.1" 200 43473
INFO 2026-10-02 08:35:37,733 basehttp "GET /bicicletas/crear/ HTTP/1.1" 200 43473
INFO 2026-10-02 08:35:40,070 basehttp "GET /bicicletas/crear/ HTTP/1.1" 200 43473
INFO 2026-10-02 08:36:08,399 basehttp "GET /bicicletas/crear/ HTTP/1.1" 200 43473
INFO 2026-10-02 08:40:03,583 basehttp "GET /bicicletas/crear/ HTTP/1.1" 200 44737
INFO 2026-10-02 08:40:08,851 basehttp "GET /api/modelos/213/ HTTP/1.1" 200 87
INFO 2026-10-02 08:42:41,807 basehttp "GET /bicicletas/crear/ HTTP/1.1" 200 44389
INFO 2026-10-02 08:42:47,372 basehttp "GET /api/modelos/212/ HTTP/1.1" 200 93
INFO 2026-10-02 08:42:58,356 basehttp "GET /bicicletas/crear/ HTTP/1.1" 200 44389
INFO 2026-10-02 08:42:59,762 basehttp "GET /bicicletas/crear/ HTTP/1.1" 200 44389
INFO 2026-10-02 08:54:04,490 basehttp "GET /bicicletas/crear/ HTTP/1.1" 200 44499
INFO 2026-10-02 08:54:10,528 basehttp "GET /api/modelos/278/ HTTP/1.1" 200 87
INFO 2026-10-02 08:54:36,431 basehttp "POST /bicicletas/crear/ HTTP/1.1" 200 45493
INFO 2026-10-02 08:54:56,511 basehttp "POST /bicicletas/crear/ HTTP/1.1" 302 0
INFO 2026-10-02 08:54:56,609 basehttp "GET /bicicletas/ HTTP/1.1" 200 75832
INFO 2026-10-02 08:55:04,354 basehttp "GET /bicicletas/135/ HTTP/1.1" 200 19433
INFO 2026-10-02 08:55:20,877 basehttp "GET /bicicletas/ HTTP/1.1" 200 75510
INFO 2026-10-02 08:55:23,768 basehttp "GET /bicicletas/121/ HTTP/1.1" 200 19798
INFO 2026-10-02 08:59:07,074 autoreload C:\Users\Aty\Desktop\tienda_bicicletas\config\settings.py changed, reloading.
INFO 2026-10-02 08:59:14,441 autoreload Watching for file changes with StatReloader
